date,open,high,low,close,volume
2019-06-25,260000,261000,258000,260500,51577
2019-06-24,261500,263000,259500,260000,78692
2019-06-21,261000,262500,260000,262000,124607
2019-06-20,262000,262500,259500,260500,117359
2019-06-19,263500,263500,261000,263000,114548
2019-06-18,260000,264500,260000,264000,205374
2019-06-17,260000,262000,258000,261500,127123
2019-06-14,257500,259500,257000,259000,84041
2019-06-13,257500,259500,256000,259500,266833
2019-06-12,253000,257500,252000,257000,164426
2019-06-11,252500,254500,251500,253500,168041
2019-06-10,255500,256500,250500,253500,180966
2019-06-07,255500,257000,254500,255000,144320
2019-06-05,254500,258000,253500,257500,155974
2019-06-04,250500,256500,250000,254000,203757
2019-06-03,250000,251000,248500,250000,148929
2019-05-31,250500,253500,249500,250500,146213
2019-05-30,253000,253500,249500,250000,115951
2019-05-29,253500,254000,250000,252000,101213
2019-05-28,257500,257500,251000,253500,233650
2019-05-27,254000,257000,250000,256500,97073
2019-05-24,249000,254500,248000,253000,146907
2019-05-23,250000,252000,246000,251000,218885
2019-05-22,256500,258000,251000,253000,161492
2019-05-21,258000,259500,256000,258000,108569
2019-05-20,259000,262500,256500,260500,169048
2019-05-17,259000,259000,256500,257500,106281
2019-05-16,255500,259500,255000,258000,158179
2019-05-15,259000,259500,255000,258000,193428
2019-05-14,259000,261500,257000,259500,176118
2019-05-13,259500,260500,258000,259500,133744
2019-05-10,263000,263500,259000,262500,217137
2019-05-09,262500,263500,260000,263500,339969
2019-05-08,255000,265000,254500,262500,523355
2019-05-07,254500,256500,253500,256500,265987
2019-05-03,250500,257000,250500,256000,296849
2019-05-02,247000,253500,246000,251500,255682
2019-04-30,248000,248500,246500,247500,138519
2019-04-29,246500,248000,244500,247500,112198
2019-04-26,248000,249000,245500,246500,165425
2019-04-25,246000,248000,245000,248000,158690
2019-04-24,243500,246500,243000,246000,155287
2019-04-23,245000,245000,243000,243500,61684
2019-04-22,243500,245000,242500,244500,53742
2019-04-19,244000,245000,243000,243500,71533
2019-04-18,246000,247000,243500,244500,131452
2019-04-17,248000,248000,246000,247500,83148
2019-04-16,245000,248000,245000,247500,109676
2019-04-15,244500,247000,244500,246000,104513
2019-04-12,246000,246000,244000,245000,112348
2019-04-11,247500,247500,245000,245000,174119
2019-04-10,244000,246500,244000,246500,132647
2019-04-09,244500,246000,243500,244000,113083
2019-04-08,246500,247000,243500,245500,162645
2019-04-05,246500,247000,244000,246500,160942
2019-04-04,245000,247000,243000,245500,284811
2019-04-03,249500,250000,241000,243000,654331
2019-04-02,253500,254500,250000,251000,177095
2019-04-01,251500,255500,251000,254500,185990
2019-03-29,249000,251500,248500,251500,192208
2019-03-28,254000,256000,250500,251500,244823
2019-03-27,250000,255000,249500,253000,144738
2019-03-26,253000,253500,250500,250500,145145
2019-03-25,253500,256500,251000,253000,286873
2019-03-22,248000,253500,247000,252000,234327
2019-03-21,250000,251500,248500,249500,126455
2019-03-20,251500,254500,249500,251000,118856
2019-03-19,250500,253500,249500,253000,157773
2019-03-18,253500,255500,250000,252000,118358
2019-03-15,247500,254000,247500,253500,217149
2019-03-14,246000,249000,244500,246500,239756
2019-03-13,248000,248500,244000,245500,226633
2019-03-12,250500,251000,248000,248000,130843
2019-03-11,252000,253000,248000,249000,159827
2019-03-08,253500,256000,251500,252000,96589
2019-03-07,255000,258000,253000,254000,160518
2019-03-06,261500,261500,258000,258000,149494
2019-03-05,260500,263000,259000,261000,166007
2019-03-04,260000,263500,258500,261000,184973
2019-02-28,262000,264000,260500,260500,281128
2019-02-27,259500,263500,258500,263000,177733
2019-02-26,260000,261000,258500,259500,104634
2019-02-25,263500,264500,259000,260000,191293
2019-02-22,259500,261000,258000,261000,125679
2019-02-21,259500,261500,258000,259000,131648
2019-02-20,259000,261500,258000,260000,136969
2019-02-19,260500,262000,259000,260000,135575
2019-02-18,256000,260000,255500,259500,195513
2019-02-15,258000,259500,253000,255000,355512
2019-02-14,259000,260000,256500,260000,249584
2019-02-13,260500,260500,258000,259500,146018
2019-02-12,261500,264500,259500,259500,221733
2019-02-11,262000,262500,260000,261000,169710
2019-02-08,258500,262500,258000,261000,237479
2019-02-07,260500,261000,258000,259500,186254
2019-02-01,258500,262000,258000,260000,261731
2019-01-31,259000,259500,256000,258000,234773
2019-01-30,269000,269000,257500,258500,451714
2019-01-29,272000,275000,267500,267500,155034
2019-01-28,267500,274500,266500,272500,151843
2019-01-25,268500,271500,268500,269000,135959
2019-01-24,268000,271500,266500,271000,139070
2019-01-23,264000,270500,263500,269000,169747
2019-01-22,263500,265000,261000,264000,109329
2019-01-21,269500,270000,261000,263500,185444
2019-01-18,270000,271000,267000,269500,71712
2019-01-17,265500,270000,264500,268500,112878
2019-01-16,267000,268500,265500,267500,93191
2019-01-15,267500,270000,265500,268500,104085
2019-01-14,264500,268000,264000,267000,132809
2019-01-11,269000,269000,263500,263500,222926
2019-01-10,270000,271500,267000,271000,182475
2019-01-09,275500,277000,268000,269500,253453
2019-01-08,279000,279000,272000,276000,101033
2019-01-07,281000,281000,276500,276500,120116
2019-01-04,278000,281500,274500,279500,224142
2019-01-03,273000,281000,269500,275500,290477
2019-01-02,267500,273500,267500,272500,129645
2018-12-28,265500,273000,262500,269500,163072
2018-12-27,262000,268500,258000,266000,144013
2018-12-26,273500,275000,266500,269000,176880
2018-12-24,276000,279000,272500,276000,140371
2018-12-21,273000,277000,270000,276000,138290
2018-12-20,275000,275500,265500,273000,195325
2018-12-19,271000,278500,270500,273000,230546
2018-12-18,277000,279500,267000,270000,282188
2018-12-17,277500,281000,276000,277000,156269
2018-12-14,280000,283000,278500,280000,120473
2018-12-13,281500,282500,278000,280000,292632
2018-12-12,288000,288000,281000,283000,185578
2018-12-11,284000,288500,282000,287500,156179
2018-12-10,282000,289500,279000,283500,172211
2018-12-07,286000,286500,283000,283000,125079
2018-12-06,284500,290000,282500,287500,209671
2018-12-05,281500,285000,278000,282000,174313
2018-12-04,281500,282500,277500,278000,238856
2018-12-03,289500,289500,282000,282000,176491
2018-11-30,285000,291000,282500,289500,261994
2018-11-29,285000,289000,283500,284000,219989
2018-11-28,280000,290000,279000,284000,230986
2018-11-27,277000,281500,276500,278500,127832
2018-11-26,283000,283000,277000,279500,146279
2018-11-23,286500,288000,283000,284000,79464
2018-11-22,279500,287500,277000,286500,150170
2018-11-21,277000,283500,277000,280000,220684
2018-11-20,276000,284500,275500,282500,209845
2018-11-19,279000,280000,273500,276000,118570
2018-11-16,267000,282500,267000,279000,175679
2018-11-15,268000,269000,264000,267000,116483
2018-11-14,265000,271500,265000,270000,104739
2018-11-13,267500,271000,262000,266500,160541
2018-11-12,265500,268000,259500,267000,110567
2018-11-09,266500,267500,262500,266000,112373
2018-11-08,270000,273000,265000,267500,200064
2018-11-07,264500,271500,263500,268500,201638
2018-11-06,265500,266500,259000,262500,129066
2018-11-05,258500,264000,258500,263500,219750
2018-11-02,261500,262000,255000,257500,301613
2018-11-01,266500,269500,260500,261500,220333
2018-10-31,266000,268500,260500,268000,280065
2018-10-30,274500,275000,263500,269000,222389
2018-10-29,278000,285000,275000,276000,159130
2018-10-26,282500,282500,270500,275000,325214
2018-10-25,283000,287000,280000,283500,366619
2018-10-24,288000,288000,277000,278500,270956
2018-10-23,283000,284500,281000,283000,178288
2018-10-22,281000,288000,281000,286000,118846
2018-10-19,278500,286000,277500,282500,240265
2018-10-18,274000,282000,272000,279500,170210
2018-10-17,264500,274500,264500,274000,135312
2018-10-16,271000,273500,265000,268000,124656
2018-10-15,265500,270000,263000,268500,152987
2018-10-12,271000,275500,267000,270000,172175
2018-10-11,281500,284000,270000,270000,234179
2018-10-10,285000,286500,281000,285000,195126
2018-10-08,282000,282000,276000,278500,86030
2018-10-05,282000,283000,276000,281000,130994
2018-10-04,273500,282500,272500,279500,203466
2018-10-02,275000,278000,269500,272000,129721
2018-10-01,282000,282000,274000,275500,91541
2018-09-28,275500,284000,275000,282000,239286
2018-09-27,268000,277000,267500,275000,281368
2018-09-21,273000,273000,269500,269500,148397
2018-09-20,269500,273000,267000,271500,159873
2018-09-19,275000,276500,267000,269500,200824
2018-09-18,276000,279000,274000,277000,178311
2018-09-17,274000,281000,274000,278500,106956
2018-09-14,277000,280500,276000,277000,169510
2018-09-13,275500,277500,272000,276000,217240
2018-09-12,272000,275000,270500,274000,215245
2018-09-11,266500,273500,264500,271500,264519
2018-09-10,261500,267000,261500,265500,149200
2018-09-07,264000,265000,261000,263500,124008
2018-09-06,262500,265000,261500,261500,81581
2018-09-05,261000,264500,259000,262500,114317
2018-09-04,257000,264000,257000,262000,110710
2018-09-03,261000,262500,255500,256500,104518
2018-08-31,260000,262500,258500,262500,154240
2018-08-30,263500,263500,260000,261000,115422
2018-08-29,262500,264000,260500,263500,103999
2018-08-28,259500,262500,258000,262000,114988
2018-08-27,264500,265000,259500,261000,153181
2018-08-24,258000,263500,255500,263500,152874
2018-08-23,255000,259500,253000,258500,125231
2018-08-22,254500,256500,252000,254000,152092
2018-08-21,258500,259000,254500,257000,183222
2018-08-20,263500,264000,258000,262000,124525
2018-08-17,264000,264000,257000,261500,160099
2018-08-16,261000,265500,259500,264500,330055
2018-08-14,259000,259500,254500,259500,107218
2018-08-13,253000,258500,253000,257000,135095
2018-08-10,255000,259000,253000,256500,123977
2018-08-09,255000,258500,253000,257000,188919
2018-08-08,252000,253000,249000,252000,95808
2018-08-07,257000,257500,249500,250500,200726
2018-08-06,259500,260000,257500,259500,155907
2018-08-03,253500,258500,252500,257000,183711
2018-08-02,249500,254000,249000,253000,212965
2018-08-01,254000,255000,247000,247000,185773
2018-07-31,247000,252000,246500,250500,218443
2018-07-30,241000,247500,240500,245000,240642
2018-07-27,243000,243000,239000,242000,80926
2018-07-26,243000,243000,236000,239000,122205
2018-07-25,239500,243000,239500,242000,106615
2018-07-24,241000,242500,239500,241000,114167
2018-07-23,239500,241500,238500,240500,97555
2018-07-20,236500,241000,234500,239500,127304
2018-07-19,236500,237500,235000,236500,83538
2018-07-18,237000,239000,235500,237500,91133
2018-07-17,236000,238000,235000,238000,58474
2018-07-16,238500,240000,236000,237000,105473
2018-07-13,239500,241000,238000,240500,166888
2018-07-12,238000,238000,235000,237500,158375
2018-07-11,233500,238000,233000,237500,253252
2018-07-10,230000,234000,228500,233000,193271
2018-07-09,227500,229500,226000,228500,102864
2018-07-06,228000,230000,225000,227500,154257
2018-07-05,227500,230000,227000,228000,58828
2018-07-04,227500,229500,225500,228500,89207
2018-07-03,231500,233000,227500,229000,116194
2018-07-02,232000,234500,230000,230500,104333
2018-06-29,234000,234500,231500,233000,144486
2018-06-28,233000,236000,230500,231500,136356
2018-06-27,234000,237000,233500,235000,142578
2018-06-26,237000,238000,233500,237000,118980
2018-06-25,240000,242000,234000,237000,169243
2018-06-22,240000,243500,239500,242000,141907
2018-06-21,237500,245000,236500,243000,209128
2018-06-20,238000,244500,235000,241500,308843
2018-06-19,237000,240000,230500,235500,259609
2018-06-18,237000,244500,236000,237500,362647
2018-06-15,241500,242000,234500,234500,383841
2018-06-14,246000,247500,240000,241500,475496
2018-06-12,241000,247500,240000,246500,496297
2018-06-11,232000,241500,230500,241000,493788
2018-06-08,231000,234000,228500,230000,248808
2018-06-07,225500,227500,224000,226500,167870
2018-06-05,222500,224000,222000,222500,114219
2018-06-04,222500,224500,221500,223000,103839
2018-06-01,224000,224000,221000,222000,84766
2018-05-31,222500,224000,221000,222000,206527
2018-05-30,225500,225500,222000,223000,181071
2018-05-29,226500,228000,225500,227500,88355
2018-05-28,227500,227500,224500,227500,94566
2018-05-25,225000,228000,223000,227500,238144
2018-05-24,224500,225000,222500,224000,123644
2018-05-23,223500,225000,222500,224500,263785
2018-05-21,223000,223500,221000,222500,73057
2018-05-18,222000,223000,221000,223000,84767
2018-05-17,221500,222500,220500,222000,87217
2018-05-16,220500,222000,220000,221000,112939
2018-05-15,220500,222000,219000,220500,113543
2018-05-14,223500,224000,220000,221000,218847
2018-05-11,223000,225000,222500,224500,99109
2018-05-10,226500,226500,222500,222500,267451
2018-05-09,227000,229500,224500,226000,288474
2018-05-08,229000,231500,227500,228000,156481
2018-05-04,229000,232500,228500,230500,187784
2018-05-03,227500,232500,227000,231500,163122
2018-05-02,228500,228500,226000,228500,155263
2018-04-30,228000,228500,225500,228500,143557
2018-04-27,222000,226500,221500,226500,190233
2018-04-26,226500,226500,222000,222500,212787
2018-04-25,224500,227500,224000,226500,147954
2018-04-24,226500,226500,223000,223500,150750
2018-04-23,225500,226500,224000,226000,129042
2018-04-20,224000,226000,222000,225000,166968
2018-04-19,222000,225000,221500,222000,207921
2018-04-18,222500,224500,221000,222000,222901
2018-04-17,224000,226000,222000,223500,174675
2018-04-16,224000,225500,222000,225500,171889
2018-04-13,226500,227500,222000,224000,438740
2018-04-12,230500,231500,229000,229000,255470
2018-04-11,231000,232500,230500,231000,192187
2018-04-10,233000,234000,231000,232500,176331
2018-04-09,232000,236500,231500,235000,138841
2018-04-06,232000,234000,230500,232500,137492
2018-04-05,234500,236000,232000,233000,158335
2018-04-04,235500,237000,233000,234500,160523
2018-04-03,233500,238500,232500,237000,211510
2018-04-02,233500,236000,233000,235000,119524
2018-03-30,231500,235000,230500,233500,153378
2018-03-29,227000,231000,226500,230000,153802
2018-03-28,226500,228000,224000,226500,135695
2018-03-27,227000,230500,224500,228000,135504
2018-03-26,227500,228000,224000,226500,184391
2018-03-23,230000,230500,227500,228500,189547
2018-03-22,230500,232500,230000,231500,144314
2018-03-21,231500,234000,230000,230000,251698
2018-03-20,236500,236500,232000,232500,226322
2018-03-19,239500,239500,236000,239000,193083
2018-03-16,237000,242500,237000,239500,215339
2018-03-15,232500,238000,231500,236500,159220
2018-03-14,233500,234500,231000,232500,160355
2018-03-13,234000,237500,233000,235000,224561
2018-03-12,234500,237500,232000,236000,166133
2018-03-09,230500,235500,230500,233500,168080
2018-03-08,234500,234500,229000,229500,282839
2018-03-07,230500,234000,229000,232000,157796
2018-03-06,235000,236000,230500,232000,255727
2018-03-05,233500,236500,233000,234000,98455
2018-03-02,237000,237500,232500,234500,176411
2018-02-28,240500,241000,238500,240000,142015
2018-02-27,240500,243500,239500,241000,151694
2018-02-26,241000,241500,238500,239500,160207
2018-02-23,240000,241500,239000,241500,135948
2018-02-22,244500,245000,238500,240000,212200
2018-02-21,247500,247500,244000,246000,127927
2018-02-20,244000,247000,243500,245000,104483
2018-02-19,248000,248000,242000,243500,101187
2018-02-14,242500,246500,241000,244000,118644
2018-02-13,241000,242500,237000,240500,179127
2018-02-12,240500,241500,237500,240000,151051
2018-02-09,240000,244000,236500,240000,237499
2018-02-08,244500,248000,243000,244000,247700
2018-02-07,253500,254500,246000,248000,326122
2018-02-06,258000,258000,251000,255500,175093
2018-02-05,261000,263000,258000,260000,160660
2018-02-02,262000,264500,261000,262000,142187
2018-02-01,265000,267000,261500,261500,170235
2018-01-31,266000,268500,261000,265500,202799
2018-01-30,265000,269000,265000,267000,183371
2018-01-29,268500,271000,265000,265500,180627
2018-01-26,265000,268500,263500,267500,147904
2018-01-25,272500,273000,265500,266500,271858
2018-01-24,274000,276500,271500,274000,126749
2018-01-23,276000,280000,273500,274000,164955
2018-01-22,280000,280000,274000,274000,106764
2018-01-19,276500,281500,273000,280000,188070
2018-01-18,271000,279500,267500,278000,289341
2018-01-17,266000,273000,266000,266500,168931
2018-01-16,266000,268500,264500,266000,95879
2018-01-15,267000,268000,264000,266000,140900
2018-01-12,267500,269000,266000,267000,157755
2018-01-11,269500,273000,268000,268500,194631
2018-01-10,274500,275500,267500,268500,226981
2018-01-09,266000,277000,265000,276000,263530
2018-01-08,268000,268000,263500,266000,112969
2018-01-05,259000,268500,259000,267500,234342
2018-01-04,262500,263000,259000,259500,205894
2018-01-03,265000,266500,261000,262000,188049
2018-01-02,267000,269500,265000,265500,84282
2017-12-28,268500,269000,265500,267000,114283
2017-12-27,270000,270500,266000,267500,150137
2017-12-26,275000,279000,274000,278000,187753
2017-12-22,274000,276000,272000,274000,113643
2017-12-21,271000,274500,271000,272000,144839
2017-12-20,271500,275000,271500,272000,125141
2017-12-19,273000,275500,271000,273000,103005
2017-12-18,279000,279000,270500,272500,198104
2017-12-15,276500,280000,275000,277000,140670
2017-12-14,276000,282000,273000,274500,311676
2017-12-13,269500,279000,268500,276500,175642
2017-12-12,274500,275500,269500,270000,165530
2017-12-11,270000,275500,269500,274500,126433
2017-12-08,276000,281500,270000,271500,260389
2017-12-07,275000,279500,273500,277500,229193
2017-12-06,275500,278000,274000,275500,206927
2017-12-05,267500,276500,267000,275500,283037
2017-12-04,268000,270000,265500,269500,172999
2017-12-01,266000,267000,262500,265000,158382
2017-11-30,260500,267000,258500,264000,360444
2017-11-29,256500,259000,255000,256000,106361
2017-11-28,259500,259500,255000,259000,172454
2017-11-27,262500,262500,257000,260000,120008
2017-11-24,262500,262500,259000,261500,107533
2017-11-23,262500,262500,258000,260000,161178
2017-11-22,251500,260500,251000,260500,251230
2017-11-21,252000,253000,250500,250500,87703
2017-11-20,253500,254000,250500,250500,111289
2017-11-17,256000,256500,252500,254500,148338
2017-11-16,255000,256500,253500,255500,123785
2017-11-15,252000,253000,248500,252000,120209
2017-11-14,253500,254500,249000,251000,177107
2017-11-13,254500,257000,251000,252500,192704
2017-11-10,254500,256500,254000,256000,129719
2017-11-09,255500,256500,251500,253500,155671
2017-11-08,254500,257000,252500,254000,154112
2017-11-07,259500,262000,255000,256000,174795
2017-11-06,267000,267000,258000,260000,186782
2017-11-03,266000,267500,264500,266000,77429
2017-11-02,263500,266500,261500,265000,101233
2017-11-01,260500,265500,260500,263500,114066
2017-10-31,259000,264000,257000,264000,160921
2017-10-30,261000,261500,257500,257500,131325
2017-10-27,263000,263500,260000,261000,171898
2017-10-26,265500,268500,262500,263500,106643
2017-10-25,261500,269000,261500,267000,122117
2017-10-24,261000,263500,260000,263000,115504
2017-10-23,263000,264000,260500,262000,116797
2017-10-20,262500,265500,260500,265000,145965
2017-10-19,266000,269000,263500,264500,111201
2017-10-18,267000,272000,265500,267500,140869
2017-10-17,271500,272000,267000,268500,132559
2017-10-16,266000,273000,266000,271500,157113
2017-10-13,268000,269000,265000,267500,139455
2017-10-12,265000,270500,265000,268000,237322
2017-10-11,266000,268000,265000,266500,207181
2017-10-10,260000,268500,255000,267500,385055
2017-09-29,258000,258000,253000,255000,113241
2017-09-28,253500,258000,253000,257500,161835
2017-09-27,255000,258000,252500,257000,190711
2017-09-26,250500,256000,248500,254500,186899
2017-09-25,253000,253500,249500,249500,140932
2017-09-22,250000,253000,248000,252000,226963
2017-09-21,245500,252500,245500,249000,233478
2017-09-20,246500,246500,244000,245500,133654
2017-09-19,250000,250000,244000,246000,196466
2017-09-18,253000,253000,249000,250000,159575
2017-09-15,241000,253000,241000,253000,262637
2017-09-14,249500,249500,241000,242000,307053
2017-09-13,247000,253500,247000,249000,145564
2017-09-12,246000,247500,245000,246500,99246
2017-09-11,249500,249500,246000,246500,105361
2017-09-08,251000,251000,248500,249500,119884
2017-09-07,246000,252500,244500,251500,169142
2017-09-06,246000,247000,242000,244000,192743
2017-09-05,250000,250500,247000,248000,86092
2017-09-04,247000,252500,247000,248000,114822
2017-09-01,255000,256000,249500,252000,108993
2017-08-31,256000,256500,253000,253500,208132
2017-08-30,257000,259500,256000,257000,154523
2017-08-29,261000,262500,257500,260500,76061
2017-08-28,260000,262500,260000,262000,53846
2017-08-25,263500,264000,259500,261000,113920
2017-08-24,261000,263500,259500,263500,109604
2017-08-23,262000,263500,259500,261000,84912
2017-08-22,261000,264000,261000,262500,96909
2017-08-21,259000,260000,257000,260000,88499
2017-08-18,261000,261500,254000,260000,237748
2017-08-17,265000,266000,261000,264000,143656
2017-08-16,272000,272000,266000,268500,155992
2017-08-14,265500,271500,264000,269500,159888
2017-08-11,266000,267500,260000,265000,240410
2017-08-10,275000,277000,267500,269000,223198
2017-08-09,274500,279500,274000,274500,97407
2017-08-08,278500,279000,272000,275000,183114
2017-08-07,275500,285000,275500,279500,131154
2017-08-04,281000,284000,275500,276500,180970
2017-08-03,284000,287500,279500,283000,180570
2017-08-02,280500,288000,277500,283500,186666
2017-08-01,276500,282000,276000,277500,106846
2017-07-31,275500,281500,274000,278000,220930
2017-07-28,276000,279500,273000,277000,185506
2017-07-27,277000,279000,273000,279000,188086
2017-07-26,279000,279000,270000,270000,147439
2017-07-25,279000,279500,273000,277500,144138
2017-07-24,274500,279500,272500,278500,177723
2017-07-21,264000,274000,263500,270500,230528
2017-07-20,262000,265500,260000,263000,113947
2017-07-19,262000,262500,259500,262000,93703
2017-07-18,261000,261000,257500,261000,102239
2017-07-17,264500,264500,258500,262000,144286
2017-07-14,259500,263500,258000,263000,119669
2017-07-13,257000,259500,255500,257500,160275
2017-07-12,258500,260000,253500,257000,155613
2017-07-11,257500,260500,256000,260000,179862
2017-07-10,256500,257000,252500,255500,127883
2017-07-07,257000,258000,252000,256500,255702
2017-07-06,264000,265500,257000,257500,272229
2017-07-05,262500,268500,262000,267500,119830
2017-07-04,272500,275000,263500,264000,196522
2017-07-03,269000,275000,266500,274500,240413
2017-06-30,263500,271000,262000,266000,177237
2017-06-29,269000,269000,259000,261500,141618
2017-06-28,264500,273000,263000,266000,284409
2017-06-27,257500,268000,255500,264000,393867
2017-06-26,258000,260500,256500,258000,138036
2017-06-23,260000,263500,256000,258000,218024
2017-06-22,254000,265500,254000,263000,389910
2017-06-21,255000,257000,252500,254500,404959
2017-06-20,249000,251500,247500,249500,219557
2017-06-19,242000,248000,242000,247500,173620
2017-06-16,241500,242000,239500,242000,159385
2017-06-15,243000,245000,239500,242000,171626
2017-06-14,246000,246500,242000,243500,186039
2017-06-13,246500,248500,244500,248000,111878
2017-06-12,244000,246500,242500,246500,139025
2017-06-09,245000,248000,243500,246000,206480
2017-06-08,248000,248000,242000,243000,338933
2017-06-07,247000,248500,244500,245500,271354
2017-06-05,251000,253000,245500,246000,208944
2017-06-02,250000,255000,249500,250500,226055
2017-06-01,254000,254000,249000,249500,108575
2017-05-31,249000,254000,249000,253500,189365
2017-05-30,250000,251000,247500,249000,102115
2017-05-29,254000,254500,249000,250000,150750
2017-05-26,250000,256000,250000,254500,163064
2017-05-25,252000,255000,249500,249500,207068
2017-05-24,246500,252000,244000,252000,257784
2017-05-23,247000,247000,243500,246000,191437
2017-05-22,245000,247500,243500,246500,201299
2017-05-19,242000,244500,241500,244500,194088
2017-05-18,240500,241000,238500,241000,177145
2017-05-17,241000,241500,238000,239500,190716
2017-05-16,237000,239500,235000,239500,274349
2017-05-15,237500,238500,233500,236000,178272
2017-05-12,235500,237500,234000,236000,226595
2017-05-11,239000,239500,233000,235500,379942
2017-05-10,238000,243000,237500,238500,383752
2017-05-08,237500,238500,233500,236000,327467
2017-05-04,237500,239500,235000,235500,264873
2017-05-02,239500,241500,238500,240000,178587
2017-04-28,238000,240500,236500,239500,251760
2017-04-27,245000,245000,240000,240000,189769
2017-04-26,249500,250000,243000,244000,450303
2017-04-25,249000,252000,247000,249500,128678
2017-04-24,252000,253500,250500,251500,107859
2017-04-21,250000,251500,247500,251500,119018
2017-04-20,247500,251500,246500,249000,104309
2017-04-19,248000,249000,245000,248500,115343
2017-04-18,244000,248500,243000,247000,139180
2017-04-17,241500,245000,241000,242500,76321
2017-04-14,245000,245500,241500,243500,78948
2017-04-13,244000,246000,241500,245500,176540
2017-04-12,244000,245000,241000,243000,208517
2017-04-11,251500,255000,240500,245000,268884
2017-04-10,255000,256000,250500,252500,73361
2017-04-07,258500,258500,254500,255000,116211
2017-04-06,254000,257000,252500,256000,147789
2017-04-05,257000,257000,252500,253000,96925
2017-04-04,255000,259500,254000,257000,110088
2017-04-03,252500,257000,252500,254000,80889
2017-03-31,253500,254500,252000,252000,107774
2017-03-30,252500,256500,250500,255500,263189
2017-03-29,259500,260000,251500,252500,198304
2017-03-28,259500,260500,254500,260500,145953
2017-03-27,261500,265500,259000,259500,135529
2017-03-24,262500,265000,259000,260000,114827
2017-03-23,258500,266000,255500,262500,289661
2017-03-22,254500,260500,254000,259500,273378
2017-03-21,251500,255000,250000,253000,172670
2017-03-20,249000,252500,247000,251000,158048
2017-03-17,255500,256500,249000,250000,199714
2017-03-16,257500,259000,254500,256000,231999
2017-03-15,248000,258000,245500,257500,436849
2017-03-14,247500,250000,245000,245500,230494
2017-03-13,246000,247000,242500,245000,258119
2017-03-10,249000,252000,246000,247000,311059
2017-03-09,245500,249000,244000,248000,389887
2017-03-08,233500,243500,232500,241000,565790
2017-03-07,233500,234500,231000,231000,83318
2017-03-06,232500,236000,231500,232000,154891
2017-03-03,229500,236500,229500,233000,181980
2017-03-02,233000,233500,229500,229500,143949
2017-02-28,233000,233500,229500,231500,177080
2017-02-27,233000,233000,230500,232000,90507
2017-02-24,232000,233000,230000,231500,151517
2017-02-23,231500,232000,229000,231000,158210
2017-02-22,227000,231000,226500,231000,198661
2017-02-21,227000,228500,226500,227500,95026
2017-02-20,225500,226500,224000,226500,57878
2017-02-17,224000,227500,223500,226500,73384
2017-02-16,225000,227000,224000,225500,138170
2017-02-15,228000,228500,224500,225000,99862
2017-02-14,229500,230000,225500,229000,119947
2017-02-13,228500,229500,227000,229500,118014
2017-02-10,226500,227500,224500,227500,174529
2017-02-09,225000,227000,224000,224000,129338
2017-02-08,225000,226500,223500,224500,170012
2017-02-07,223500,226500,222000,226500,158794
2017-02-06,222500,223500,220500,222000,166213
2017-02-03,218500,220500,216500,219500,188820
2017-02-02,220000,220500,217000,218000,228735
2017-02-01,222500,222500,219500,220000,226950
2017-01-31,222500,226000,221500,223000,115752
2017-01-26,221000,223000,220000,222500,171398
2017-01-25,222500,222500,219000,219000,206026
2017-01-24,220500,222000,220000,221500,111347
2017-01-23,223000,224500,219500,220500,160388
2017-01-20,225000,225500,222500,223000,93772
2017-01-19,223500,225500,222500,224000,103361
2017-01-18,225000,225000,223000,224500,113892
2017-01-17,226000,227500,225000,226000,91557
2017-01-16,227500,228000,224000,224500,110420
2017-01-13,229000,229500,226000,228500,84692
2017-01-12,227500,229000,225500,229000,140315
2017-01-11,226500,229500,225000,227500,215621
2017-01-10,227000,227500,223000,225000,117759
2017-01-09,225500,226000,223500,226000,82983
2017-01-06,228000,228500,226000,226500,91401
2017-01-05,222500,228000,221500,228000,157297
2017-01-04,223000,223500,220000,223000,193754
2017-01-03,225500,226000,221000,223000,157301
2017-01-02,224000,227500,224000,225500,69090
2016-12-29,225500,226000,223500,224000,105776
2016-12-28,224000,225500,222500,224500,174245
2016-12-27,231000,232500,229500,231000,199462
2016-12-26,230500,232000,229000,231000,110623
2016-12-23,232000,233000,229000,230500,204668
2016-12-22,229000,232000,229000,230500,110059
2016-12-21,232000,232500,229500,230000,89553
2016-12-20,229500,231000,228000,231000,102315
2016-12-19,232000,232000,228500,229000,85596
2016-12-16,229000,233000,228500,232000,139287
2016-12-15,231500,231500,228500,230000,67455
2016-12-14,233000,233000,229500,229500,116262
2016-12-13,232000,233500,230500,232500,186601
2016-12-12,231000,232500,228500,230500,84882
2016-12-09,231500,232000,229000,231000,94911
2016-12-08,232000,232500,227000,231500,254466
2016-12-07,230000,232000,228500,231500,171423
2016-12-06,229000,230500,228000,229000,149018
2016-12-05,228000,228500,226000,228000,73828
2016-12-02,225500,229000,225000,228000,128833
2016-12-01,226000,227500,224000,224500,120850
2016-11-30,225500,229000,225500,226000,282715
2016-11-29,222000,224000,222000,223500,123022
2016-11-28,224500,226000,221500,222500,98961
2016-11-25,228000,228500,225500,226000,66358
2016-11-24,225500,227500,224500,226500,133408
2016-11-23,221000,228000,220500,226000,340500
2016-11-22,221000,221000,218500,220000,136995
2016-11-21,220500,220500,218500,220000,118193
2016-11-18,218000,220500,216500,219500,174596
2016-11-17,218000,219000,215500,217000,165007
2016-11-16,220000,221500,216500,217000,204417
2016-11-15,219000,219000,216000,217500,112722
2016-11-14,218500,221000,216500,217000,209839
2016-11-11,220000,220500,218000,218500,130077
2016-11-10,220000,220500,218000,220000,192123
2016-11-09,222000,224000,216000,218500,276342
2016-11-08,223500,224500,219500,221000,160984
2016-11-07,226500,226500,222500,223500,121110
2016-11-04,225000,226000,224000,226000,91272
2016-11-03,220500,226000,220500,223500,103634
2016-11-02,224000,225000,222500,223500,115327
2016-11-01,224500,226500,223500,226000,102735
2016-10-31,222500,226500,222000,223500,158045
2016-10-28,228500,229500,223500,224500,212018
2016-10-27,230000,233000,229000,232500,131271
2016-10-26,229500,231500,227500,230000,115210
2016-10-25,229000,232500,228500,231500,220427
2016-10-24,225000,227500,224500,227500,131533
2016-10-21,224000,224500,221000,224000,203477
2016-10-20,227500,227500,222500,224500,105751
2016-10-19,227500,230000,227000,229000,135654
2016-10-18,225000,229000,224500,227500,171136
2016-10-17,221000,226500,219500,225500,203974
2016-10-14,220000,221500,219000,221000,103212
2016-10-13,218000,220000,216500,219500,137901
2016-10-12,220500,221000,219000,219000,104841
2016-10-11,221500,221500,218500,219500,101589
2016-10-10,218000,220500,217500,219500,156419
2016-10-07,218000,219000,215500,216000,188082
2016-10-06,218500,220000,217000,219000,123495
2016-10-05,222000,223500,220000,222500,160603
2016-10-04,225000,225500,224000,224500,152682
2016-09-30,226500,227000,223000,226000,167857
2016-09-29,224000,227500,223500,226000,169167
2016-09-28,221000,223500,220500,222500,121334
2016-09-27,221000,223500,219500,222000,148938
2016-09-26,221500,223500,220500,221000,86081
2016-09-23,220000,221000,218500,220500,142865
2016-09-22,216000,219000,216000,218000,114776
2016-09-21,215500,218000,215500,216000,91783
2016-09-20,220500,220500,215500,217000,151515
2016-09-19,215500,219500,215500,217000,126473
2016-09-13,221000,221500,217000,217500,104080
2016-09-12,221000,222000,218500,219000,102125
2016-09-09,221500,223000,219000,222000,91086
2016-09-08,220500,224500,219500,223500,178297
2016-09-07,219000,222500,218000,221000,106139
2016-09-06,221000,222000,218500,219500,80818
2016-09-05,218000,222500,218000,220500,116754
2016-09-02,217500,218000,216000,216000,95241
2016-09-01,218500,220000,216500,216500,120438
2016-08-31,220000,221500,218500,218500,88109
2016-08-30,221000,223000,220000,220500,70156
2016-08-29,222000,222500,220000,221000,78832
2016-08-26,220500,223000,219500,222500,82775
2016-08-25,220500,222500,219000,220500,136669
2016-08-24,220000,220500,218500,220500,84103
2016-08-23,221000,222000,218500,220000,97058
2016-08-22,222000,222500,220000,221000,99900
2016-08-19,228000,228000,222500,224000,155828
2016-08-18,229000,229000,226500,226500,77448
2016-08-17,226000,228500,225500,228000,71979
2016-08-16,226500,228000,226000,227000,125619
2016-08-12,227000,227500,225000,226500,92615
2016-08-11,223500,227000,223000,227000,172999
2016-08-10,223000,225000,223000,224000,142021
2016-08-09,222000,225500,222000,224500,125963
2016-08-08,222000,223500,219000,222000,100101
2016-08-05,220500,223000,220500,221000,120227
2016-08-04,222500,223500,218500,220500,156595
2016-08-03,221500,223500,220500,221000,169555
2016-08-02,225000,225500,221000,223500,194318
2016-08-01,228500,229500,225500,226500,178229
2016-07-29,231500,234000,228000,230000,157571
2016-07-28,231000,232500,229000,229500,132506
2016-07-27,232000,233500,230500,231000,145344
2016-07-26,230000,232500,227000,232000,168291
2016-07-25,225000,230500,224000,230000,242294
2016-07-22,223000,224000,220500,223500,108911
2016-07-21,218500,222500,218500,222500,102072
2016-07-20,222500,222500,216500,218000,133670
2016-07-19,223000,223500,218000,221000,133174
2016-07-18,221000,223500,220500,223000,92996
2016-07-15,223000,223500,220500,220500,134521
2016-07-14,220000,222500,219500,221000,151693
2016-07-13,218500,222000,217500,220000,170865
2016-07-12,216500,218000,216000,217000,56841
2016-07-11,218500,219000,217000,217000,82607
2016-07-08,213000,216000,213000,216000,57297
2016-07-07,216500,217500,212500,214500,80083
2016-07-06,216500,217000,212500,215000,83596
2016-07-05,217500,218500,215500,216500,73690
2016-07-04,216000,219500,215500,219000,109169
2016-07-01,215000,219000,215000,218500,129341
2016-06-30,218000,219500,215000,215500,97543
2016-06-29,211000,218000,211000,217000,181552
2016-06-28,210000,213000,210000,212500,149553
2016-06-27,208500,214000,207500,211500,190822
2016-06-24,210500,212500,204500,208500,206943
2016-06-23,209000,211500,209000,210000,75945
2016-06-22,209000,212000,209000,210000,119387
2016-06-21,210000,210500,208500,209500,101612
2016-06-20,211000,213000,209000,209500,146755
2016-06-17,211500,212500,209000,210000,105528
2016-06-16,214000,216000,210500,210500,111792
2016-06-15,214000,217500,213500,216000,141843
2016-06-14,211000,217000,210000,216000,173458
2016-06-13,212000,212000,208000,211000,134159
2016-06-10,214500,215000,212000,212000,172038
2016-06-09,217500,219000,214000,217000,380552
2016-06-08,219000,220000,217000,219000,193471
2016-06-07,219000,221500,216000,221500,122945
2016-06-03,218500,220000,216500,220000,129860
2016-06-02,216000,217500,215000,216000,143748
2016-06-01,222000,222500,214500,218500,267695
2016-05-31,220000,222500,218500,222000,399830
2016-05-30,217000,220000,215500,220000,158401
2016-05-27,213500,217000,213000,216500,128201
2016-05-26,215000,215500,212500,213000,52430
2016-05-25,215000,217500,213500,215500,121956
2016-05-24,208500,215500,208000,215000,182232
2016-05-23,211000,211000,208000,209000,84656
2016-05-20,208500,211000,208000,210500,83005
2016-05-19,208500,211000,208000,210500,71479
2016-05-18,209000,211000,206000,211000,117141
2016-05-17,210500,211500,209000,210000,75644
2016-05-16,211500,214000,209500,212000,81296
2016-05-13,213500,214500,212000,213000,82334
2016-05-12,211000,214000,210500,213500,115025
2016-05-11,212500,213000,210000,212500,96691
2016-05-10,208000,213500,208000,211000,115033
2016-05-09,211000,212500,207000,210000,154527
2016-05-04,212500,215000,211000,212000,222288
2016-05-03,209000,214000,207500,213500,213211
2016-05-02,206500,211000,204500,210000,119059
2016-04-29,210000,210000,205000,206000,201207
2016-04-28,203500,212500,203500,210500,384732
2016-04-27,205500,207000,203500,203500,196097
2016-04-26,202500,208000,201500,206500,163104
2016-04-25,201500,204000,201000,202500,150147
2016-04-22,203000,203500,201500,201500,222050
2016-04-21,206500,207000,204000,204500,164723
2016-04-20,205500,208000,205000,206500,98017
2016-04-19,208500,209000,206000,206500,131069
2016-04-18,208500,210000,207000,209000,105977
2016-04-15,210000,212000,208500,210500,175153
2016-04-14,205000,211500,204000,211000,283490
2016-04-12,201000,204500,201000,203500,103344
2016-04-11,202000,204000,201500,201500,122004
2016-04-08,201500,203000,201000,202500,143031
2016-04-07,204000,205000,202000,203500,161626
2016-04-06,207000,207000,204000,204000,156807
2016-04-05,206000,207500,205500,207000,96265
2016-04-04,208000,208500,205500,206000,124430
2016-04-01,208000,210000,207500,210000,113129
2016-03-31,210500,210500,206000,208500,176041
2016-03-30,211500,212500,208000,209500,134242
2016-03-29,211500,212500,210500,211500,78097
2016-03-28,208500,210500,207000,210500,71671
2016-03-25,210500,211500,207000,207500,144108
2016-03-24,211000,213500,210000,210000,130125
2016-03-23,211000,213000,210000,210000,130464
2016-03-22,214000,214500,210000,211000,204208
2016-03-21,214500,215000,211500,213500,131076
2016-03-18,217500,217500,214000,214500,180888
2016-03-17,217000,219000,216500,218000,111368
2016-03-16,217000,219000,215000,218000,143540
2016-03-15,213500,217000,213500,215500,135209
2016-03-14,218000,218500,213500,215000,215182
2016-03-11,216000,220500,215000,218500,217625
2016-03-10,215000,216500,213000,214500,214791
2016-03-09,213000,216000,211500,214500,213795
2016-03-08,212500,216000,211000,212000,188570
2016-03-07,216000,217000,212000,212000,192149
2016-03-04,218500,219000,215500,216500,227222
2016-03-03,225500,225500,219500,220000,240529
2016-03-02,234000,234000,223000,223000,385725
2016-02-29,228500,233500,226000,233500,1126589
2016-02-26,225000,227500,223500,227500,173080
2016-02-25,227000,227500,221000,225000,196171
2016-02-24,226000,228500,225500,228500,140301
2016-02-23,226500,230000,223000,228500,176110
2016-02-22,222500,226000,220500,226000,145437
2016-02-19,221500,225000,218500,224500,155047
2016-02-18,218000,222500,216500,220500,153299
2016-02-17,212500,217000,212500,215500,102889
2016-02-16,217000,217000,208000,216500,177310
2016-02-15,214000,217000,212500,216500,179916
2016-02-12,205000,211500,205000,211000,348438
2016-02-11,205000,206500,201500,204500,275223
2016-02-05,210000,211500,208000,210500,112477
2016-02-04,205500,213000,205500,210500,160799
2016-02-03,208500,209500,199500,208000,484538
2016-02-02,213000,217000,209000,216500,161012
2016-02-01,213000,219500,212500,216000,292844
2016-01-29,207000,209000,203000,209000,139593
2016-01-28,202500,205500,201500,205000,154081
2016-01-27,202000,202500,198500,201500,219939
2016-01-26,196500,201500,195500,198000,288271
2016-01-25,196500,198500,193000,194000,228638
2016-01-22,194000,197500,193000,197500,170053
2016-01-21,195500,197500,191500,193000,237664
2016-01-20,200500,201500,194000,197000,318030
2016-01-19,202000,204000,202000,202500,77348
2016-01-18,202500,205500,201500,203000,140619
2016-01-15,211500,211500,204000,205500,174597
2016-01-14,206000,208500,204500,208500,148185
2016-01-13,208500,208500,205000,208500,146601
2016-01-12,207000,208000,205500,206500,170745
2016-01-11,206000,207500,202000,203000,253463
2016-01-08,207000,208500,204500,208000,336913
2016-01-07,206500,208500,203500,204000,227446
2016-01-06,212500,216000,206500,208000,307213
2016-01-05,209000,210000,208000,210000,261530
2016-01-04,214500,215000,205500,210500,348930
2015-12-30,216000,218000,214000,215500,257209
2015-12-29,223000,224000,215000,215000,423812
2015-12-28,233500,233500,229000,230000,287384
2015-12-24,234500,235000,232000,233500,155510
2015-12-23,228500,233500,228500,232500,167488
2015-12-22,228500,229500,227000,228000,160239
2015-12-21,229500,232000,228000,228500,127559
2015-12-18,230000,231500,229000,229500,144688
2015-12-17,229500,232500,229500,232500,116392
2015-12-16,229500,231500,228500,228500,141067
2015-12-15,231500,232500,227500,228000,149365
2015-12-14,231000,233000,230000,232000,125991
2015-12-11,228500,237000,228500,234000,245848
2015-12-10,228500,230000,225500,228000,199492
2015-12-09,233000,233000,229000,229000,134207
2015-12-08,232500,233500,232000,233000,88458
2015-12-07,233500,234500,230500,234000,97840
2015-12-04,231000,234000,229500,232500,82431
2015-12-03,232000,233500,231000,231500,100425
2015-12-02,233000,235000,233000,233500,81812
2015-12-01,234000,235500,232500,234000,134947
2015-11-30,235000,237000,231500,234000,271408
2015-11-27,235000,238000,235000,237000,127604
2015-11-26,233000,235500,231000,235000,161231
2015-11-25,233500,234000,231000,231500,146677
2015-11-24,231000,233500,230500,233000,132134
2015-11-23,232000,232500,231000,232500,98708
2015-11-20,230000,233500,230000,233000,105679
2015-11-19,231500,233500,229500,232000,141908
2015-11-18,231000,232000,228000,230000,207092
2015-11-17,233500,234500,230500,231500,215489
2015-11-16,228000,234500,228000,233500,191338
2015-11-13,231000,235000,230000,232000,202745
2015-11-12,230000,234500,230000,232000,210780
2015-11-11,225500,233000,222500,229000,342788
2015-11-10,228500,229000,226000,227000,175031
2015-11-09,227000,231000,226500,229000,173112
2015-11-06,230500,231000,226000,227000,226768
2015-11-05,233000,234500,230500,230500,189348
2015-11-04,227500,237000,225500,231000,539401
2015-11-03,237000,237500,224500,230000,1054660
2015-11-02,243500,244000,235500,238500,541313
2015-10-30,243500,245500,241000,241000,250298
2015-10-29,247500,250000,240000,242500,349061
2015-10-28,253000,254500,248500,249000,128099
2015-10-27,254000,258500,251500,252000,149009
2015-10-26,252000,255500,251500,254000,160994
2015-10-23,252500,254500,249500,250000,147604
2015-10-22,259500,260000,250000,251500,192247
2015-10-21,260000,262000,259000,260000,93746
2015-10-20,258500,260500,257500,259500,93472
2015-10-19,258000,261500,257000,260500,89213
2015-10-16,258000,260000,256500,258000,120415
2015-10-15,257500,260500,256000,259000,139703
2015-10-14,257000,260000,256000,257500,147776
2015-10-13,256000,257000,255000,256000,161292
2015-10-12,257000,259500,255000,256500,215651
2015-10-08,256500,259000,255500,259000,178483
2015-10-07,258000,261000,255000,256500,94598
2015-10-06,255500,259500,255500,259000,121802
2015-10-05,255000,257500,254000,254500,152706
2015-10-02,264000,264000,255500,256500,237752
2015-10-01,260500,266000,260000,261500,214452
2015-09-30,259500,267000,259500,263000,308262
2015-09-25,265000,265000,258500,262000,250801
2015-09-24,260500,265000,257500,261500,138736
2015-09-23,258500,263500,256500,259000,105669
2015-09-22,258000,265000,256500,262000,141689
2015-09-21,257500,259000,253500,256000,105684
2015-09-18,258000,259000,254000,257000,238968
2015-09-17,256500,260500,255000,257500,122075
2015-09-16,257500,261000,257000,257500,105807
2015-09-15,254000,258000,252000,256500,187291
2015-09-14,252500,256000,251000,255000,158574
2015-09-11,256500,258500,252000,252000,240467
2015-09-10,253000,261500,253000,261500,380666
2015-09-09,252500,259500,252500,258500,287279
2015-09-08,240500,253500,240000,250500,214684
2015-09-07,245500,246000,239500,241000,139783
2015-09-04,244500,247000,243500,246000,113322
2015-09-03,245000,246500,243500,246500,127200
2015-09-02,241000,248000,240500,246000,229945
2015-09-01,243000,245000,239000,243000,142950
2015-08-31,242500,248000,241500,244000,209541
2015-08-28,243000,244500,241000,243000,170725
2015-08-27,240000,243500,239000,241500,304573
2015-08-26,238500,240500,236000,238000,336251
2015-08-25,242000,243500,237500,238500,366216
2015-08-24,258000,258500,245000,247500,324388
2015-08-21,258500,260000,251000,254000,328692
2015-08-20,258000,259000,248500,258000,215652
2015-08-19,260000,260000,254000,257000,363005
2015-08-18,253000,257500,250500,253500,166885
2015-08-17,247500,253000,247500,251500,157444
2015-08-13,252500,253000,246500,249500,92510
2015-08-12,254000,254500,246500,253000,166182
2015-08-11,249000,255500,247500,254000,207522
2015-08-10,242000,247500,242000,246000,99019
2015-08-07,240500,243000,240500,242500,107949
2015-08-06,250000,255500,242000,244000,246658
2015-08-05,250500,254000,248000,249500,172163
2015-08-04,258000,258000,252500,255500,114132
2015-08-03,252000,258500,250000,258000,235750
2015-07-31,242000,249500,241000,249500,209237
2015-07-30,247500,251500,239500,245000,176387
2015-07-29,243000,250000,242000,250000,150602
2015-07-28,239000,246500,238000,244500,193769
2015-07-27,238000,240000,237000,237000,161860
2015-07-24,242500,243500,239500,240500,160648
2015-07-23,243000,243000,240500,241000,90768
2015-07-22,243500,245000,241000,241000,169031
2015-07-21,248000,249000,242000,244000,225898
2015-07-20,251000,252000,247500,250000,73746
2015-07-17,249500,253000,249000,252500,69975
2015-07-16,253500,254500,249000,250500,92682
2015-07-15,255000,255500,251500,255000,75868
2015-07-14,254500,256500,252500,253500,156725
2015-07-13,256000,257000,253000,257000,112386
2015-07-10,251500,257500,251000,256000,183212
2015-07-09,248000,256000,245000,251500,194976
2015-07-08,253500,256000,249000,250000,205288
2015-07-07,243000,255000,241500,252500,302454
2015-07-06,240000,245500,240000,240500,144647
2015-07-03,243000,246000,241000,242000,114574
2015-07-02,247000,247500,242500,242500,203540
2015-07-01,247000,250500,246000,247500,95766
2015-06-30,247000,252500,246500,250000,139115
2015-06-29,247500,252000,247000,247000,99408
2015-06-26,254000,255500,250500,250500,128847
2015-06-25,257500,259500,254500,254500,104884
2015-06-24,255500,260000,253500,257500,89220
2015-06-23,247500,257000,245500,256000,169973
2015-06-22,254000,259000,249000,249000,144331
2015-06-19,254500,258500,253500,254000,132455
2015-06-18,255000,257000,253500,255000,103147
2015-06-17,254500,261500,253000,254500,195378
2015-06-16,253000,262000,249500,257000,281288
2015-06-15,257000,261000,254500,256500,95631
2015-06-12,259000,261000,255000,257000,182411
2015-06-11,257500,262500,254000,262500,281939
2015-06-10,254500,259000,253000,256500,236626
2015-06-09,245500,258000,244500,251500,255168
2015-06-08,240500,246000,240000,244500,151969
2015-06-05,240000,245500,236500,242500,213152
2015-06-04,240500,245000,238000,240500,245118
2015-06-03,248000,250000,243000,245000,109447
2015-06-02,247000,252500,247000,248500,119869
2015-06-01,246500,251500,239500,249000,247666
2015-05-29,250000,257000,246000,246500,301701
2015-05-28,261000,262000,254000,255000,228087
2015-05-27,260000,264000,256500,264000,184690
2015-05-26,260000,266000,258500,264000,172602
2015-05-22,260000,264500,258500,262500,237493
2015-05-21,250500,259000,250000,258000,362490
2015-05-20,248000,251000,248000,250000,132088
2015-05-19,250500,252000,247500,248500,181960
2015-05-18,252500,254500,250500,252500,139159
2015-05-15,250500,255000,250000,251500,182087
2015-05-14,251000,253500,250000,250000,232434
2015-05-13,250500,254500,246500,252500,230931
2015-05-12,251500,256500,251000,252000,206997
2015-05-11,257000,257000,249000,251000,527634
2015-05-08,260000,261000,255500,256500,385077
2015-05-07,267500,269000,257000,262500,607028
2015-05-06,281500,284500,269000,271500,343376
2015-05-04,287500,288000,279000,281500,126735
2015-04-30,285500,289500,282000,287000,157271
2015-04-29,287500,290000,285000,288500,132768
2015-04-28,290000,292000,286500,288000,174107
2015-04-27,290000,293500,282000,293500,296100
2015-04-24,280500,290500,277000,290000,589692
2015-04-23,268500,278000,266000,275000,224533
2015-04-22,271000,273000,267500,268000,194234
2015-04-21,273500,274500,270000,274000,148892
2015-04-20,275000,279000,272500,274500,228241
2015-04-17,267000,276500,267000,275000,244543
2015-04-16,265000,271000,262000,268000,253905
2015-04-15,263500,267500,263000,264500,119014
2015-04-14,260000,266000,258500,266000,268725
2015-04-13,265000,266500,260500,262500,266028
2015-04-10,264500,269500,264500,266500,240520
2015-04-09,267000,267500,260000,262500,292012
2015-04-08,274000,275000,267000,268000,237644
2015-04-07,271500,276000,270500,276000,108205
2015-04-06,272000,273000,269000,273000,75786
2015-04-03,275500,277000,270000,271500,80417
2015-04-02,274000,276500,272500,274000,64483
2015-04-01,272500,278500,272500,274000,108979
2015-03-31,277000,278000,272000,272500,166492
2015-03-30,282000,282000,276500,278500,107899
2015-03-27,278000,284500,278000,280500,196332
2015-03-26,278000,281000,277500,280000,131481
2015-03-25,281500,284000,280500,282000,126020
2015-03-24,280000,284000,279500,283500,111224
2015-03-23,285500,291000,278500,279500,262512
2015-03-20,286000,287000,279500,284500,221316
2015-03-19,284500,291500,283000,290500,218533
2015-03-18,282500,285000,280000,281500,111038
2015-03-17,280000,283000,278500,279500,106096
2015-03-16,280000,284000,275500,280000,123012
2015-03-13,273500,284500,273000,283000,216449
2015-03-12,268000,275500,267500,270000,257139
2015-03-11,269000,272500,267000,269000,183298
2015-03-10,276500,277000,270500,270500,197630
2015-03-09,280500,282000,275500,279000,190007
2015-03-06,290500,290500,282000,283000,207854
2015-03-05,284000,290500,284000,290000,135499
2015-03-04,283000,288500,281000,288000,135798
2015-03-03,282000,287000,281000,283500,109686
2015-03-02,288000,288500,281500,284000,96975
2015-02-27,287500,292500,286500,286500,171702
2015-02-26,286000,290000,283500,287500,125510
2015-02-25,294000,294000,285500,288000,121071
2015-02-24,290500,293000,288000,291000,119745
2015-02-23,292000,297000,290500,291000,72997
2015-02-17,299000,301500,295000,295500,87843
2015-02-16,291500,301000,291500,301000,172874
2015-02-13,289500,296500,289500,295500,123373
2015-02-12,282500,290000,282500,289500,174848
2015-02-11,274000,286000,273500,280500,158267
2015-02-10,276500,276500,272500,274000,103784
2015-02-09,277000,278000,273000,277000,100144
2015-02-06,277000,279500,275500,278000,108234
2015-02-05,279000,281500,277500,278000,115752
2015-02-04,281500,283500,280000,280000,116462
2015-02-03,287000,287000,279500,282500,187340
2015-02-02,285000,292000,284000,288000,93772
2015-01-30,284000,297500,282500,289000,295975
2015-01-29,285000,289500,280500,284000,192057
2015-01-28,284000,286500,283000,285500,220474
2015-01-27,289000,289000,285500,288000,275117
2015-01-26,284000,292000,280500,290000,205547
2015-01-23,280500,285000,279000,283500,193495
2015-01-22,273500,277000,273500,277000,96392
2015-01-21,271500,275500,271000,275000,106196
2015-01-20,270000,273500,268000,273500,115230
2015-01-19,268500,270500,266500,268000,77138
2015-01-16,264500,268500,264000,267500,130718
2015-01-15,266000,268500,262500,268500,145289
2015-01-14,265000,265500,261500,264000,146507
2015-01-13,264000,268000,262000,268000,146462
2015-01-12,266000,269000,264000,267000,113491
2015-01-09,268000,269500,265500,266000,168743
2015-01-08,267000,270000,264500,265000,140376
2015-01-07,274000,274500,268500,269500,151339
2015-01-06,274500,277000,273000,274500,144594
2015-01-05,270000,280000,270000,276500,156844
2015-01-02,268000,274500,267000,272500,119176
2014-12-30,275000,275000,267500,268000,143715
2014-12-29,272500,277000,271500,272000,117871
2014-12-26,280500,281500,279000,280000,148653
2014-12-24,286500,287000,279000,280500,182095
2014-12-23,286000,291000,284000,286500,131967
2014-12-22,285500,288500,282000,283500,109404
2014-12-19,276000,282000,275000,282000,132627
2014-12-18,274000,278500,273000,273000,129160
2014-12-17,276000,278000,273500,274000,196324
2014-12-16,273500,278000,272000,276000,122904
2014-12-15,271000,276500,269500,276000,163879
2014-12-12,271500,276000,270500,273500,112376
2014-12-11,275500,277000,272500,273000,161690
2014-12-10,279000,282500,274000,279000,105674
2014-12-09,283000,284500,280000,281000,110635
2014-12-08,282500,285500,281000,283500,117880
2014-12-05,285000,289500,281000,283500,135844
2014-12-04,277500,289000,277500,284000,187073
2014-12-03,276500,280500,274000,277500,88495
2014-12-02,281500,283500,278000,278000,145597
2014-12-01,285000,289500,281000,285000,184694
2014-11-28,278000,284000,278000,280500,127824
2014-11-27,280500,282000,277500,280500,126413
2014-11-26,284000,285000,281000,283500,101676
2014-11-25,281500,285000,280000,282500,153277
2014-11-24,284500,287500,278500,282000,85904
2014-11-21,283000,289500,283000,283500,114534
2014-11-20,286500,289500,282500,282500,101523
2014-11-19,286000,294500,282500,289500,119752
2014-11-18,275500,287500,275000,286000,143817
2014-11-17,275000,278500,273500,273500,72206
2014-11-14,275000,278000,272500,276000,74380
2014-11-13,275500,278000,274000,274500,88914
2014-11-12,276000,282500,276000,279000,103868
2014-11-11,270500,278500,267000,278000,154102
2014-11-10,275000,275000,269000,274500,138281
2014-11-07,274500,277500,272500,275000,138895
2014-11-06,281500,285000,275500,277500,141123
2014-11-05,281000,284500,278500,284000,178756
2014-11-04,279500,283000,273000,277500,167237
2014-11-03,265500,276500,263500,276000,140540
2014-10-31,270000,273500,266500,267000,163309
2014-10-30,268500,270500,265000,268000,103967
2014-10-29,279500,281500,265000,269500,332755
2014-10-28,276500,281000,274500,276500,233231
2014-10-27,266000,276000,265500,273000,169712
2014-10-24,271000,271000,263000,265000,129854
2014-10-23,267500,270500,261000,268500,137643
2014-10-22,271500,273500,266500,267500,102897
2014-10-21,259500,269000,257000,268000,249075
2014-10-20,259500,262500,256500,259000,305998
2014-10-17,273000,273500,257500,260000,569734
2014-10-16,263000,274500,262000,273000,168958
2014-10-15,268500,271000,259000,271000,190722
2014-10-14,275000,278000,261500,269500,302578
2014-10-13,272500,284000,272500,277000,193261
2014-10-10,281000,284000,276500,276500,202560
2014-10-08,280000,287500,279000,281000,234031
2014-10-07,276500,280500,271000,278000,287676
2014-10-06,295000,295500,276500,276500,308082
2014-10-02,297000,302000,295000,298500,205311
2014-10-01,290000,300500,289000,297000,281056
2014-09-30,296000,299000,290000,290000,138359
2014-09-29,293000,300500,292000,297000,221517
2014-09-26,293000,294000,287000,290500,200363
2014-09-25,297500,299000,287000,292500,215768
2014-09-24,298000,303000,291000,297500,216958
2014-09-23,296000,303000,293500,298500,209227
2014-09-22,291500,297500,288500,297000,102576
2014-09-19,287000,299500,287000,292500,206721
2014-09-18,287500,290500,282500,287000,252978
2014-09-17,291000,294000,290000,291000,108511
2014-09-16,295000,295500,291000,295000,107918
2014-09-15,295000,298500,290000,294500,128748
2014-09-12,289500,297500,287500,293000,170221
2014-09-11,286500,293500,281500,285500,243980
2014-09-05,283000,289000,283000,286500,126088
2014-09-04,292000,299000,287500,288000,235197
2014-09-03,281000,290500,281000,288500,201344
2014-09-02,280000,285500,278500,282000,200423
2014-09-01,272000,282000,272000,279500,72277
2014-08-29,278000,279000,272000,273000,107050
2014-08-28,274000,284500,274000,280500,111911
2014-08-27,275000,276500,272500,275000,109288
2014-08-26,275500,277500,274000,276000,89657
2014-08-25,270000,278500,270000,275500,88591
2014-08-22,268000,273000,268000,271000,81949
2014-08-21,272500,273500,266500,270000,149190
2014-08-20,275000,276500,271500,274000,106813
2014-08-19,266000,275500,266000,274500,155950
2014-08-18,258000,268000,258000,265500,148480
2014-08-14,258500,262500,257500,258000,108840
2014-08-13,257500,264500,254000,260500,192429
2014-08-12,267500,269000,254500,256500,201465
2014-08-11,267000,268000,261000,264000,112098
2014-08-08,268000,270500,264000,268000,116209
2014-08-07,269500,270500,262500,270000,209679
2014-08-06,269000,273500,266500,272000,102429
2014-08-05,265500,270000,264500,269500,135074
2014-08-04,262500,269500,259500,263500,155228
2014-08-01,269000,272000,257000,257500,229166
2014-07-31,266000,270000,259500,264000,264610
2014-07-30,251500,266000,249500,259500,450003
2014-07-29,248500,249500,243500,245000,146035
2014-07-28,238500,247000,236500,245000,244120
2014-07-25,240000,242500,235500,236000,129599
2014-07-24,243500,243500,237500,238000,109566
2014-07-23,244000,246000,241000,241500,122949
2014-07-22,244000,248000,243000,243000,134603
2014-07-21,244500,246500,242500,245500,103380
2014-07-18,242500,245500,240000,244000,184331
2014-07-17,239500,242500,239000,241000,92701
2014-07-16,240000,244500,238000,239500,86004
2014-07-15,243000,246500,239500,239500,123766
2014-07-14,244000,244500,240500,242500,104888
2014-07-11,237500,244000,236500,243500,104334
2014-07-10,242000,243500,239000,239000,190464
2014-07-09,239500,243500,238500,242000,141330
2014-07-08,247000,247500,240000,242000,154621
2014-07-07,250000,251500,246000,248000,103645
2014-07-04,246500,249000,243500,249000,80066
2014-07-03,245000,248500,242500,246000,87471
2014-07-02,243500,247000,242500,245000,102977
2014-07-01,235000,244000,234000,243500,137754
2014-06-30,235500,237500,233000,236500,94237
2014-06-27,240000,241000,234500,235500,136902
2014-06-26,248500,248500,239000,241000,247889
2014-06-25,239000,243500,237000,240500,165366
2014-06-24,235500,239500,232000,236000,229148
2014-06-23,239500,239500,233000,235500,233656
2014-06-20,244500,250000,238000,239500,227784
2014-06-19,238500,247000,236000,243500,358606
2014-06-18,232000,236000,232000,234000,246761
2014-06-17,230000,234500,228500,232000,212766
2014-06-16,224000,229500,224000,227500,146490
2014-06-13,224500,230000,224000,225000,149434
2014-06-12,223000,228500,221500,225000,208965
2014-06-11,220000,224000,219000,221500,148084
2014-06-10,219500,220500,217000,219000,99436
2014-06-09,216000,219500,216000,219000,166564
2014-06-05,220500,220500,216500,218500,145545
2014-06-03,223500,224000,218000,222000,90095
2014-06-02,222000,225000,219000,222500,115410
2014-05-30,218500,223000,216000,219500,167459
2014-05-29,223500,225500,216500,217500,165881
2014-05-28,223500,226500,222500,223500,155295
2014-05-27,229500,229500,223500,227000,83457
2014-05-26,229500,230000,226500,229000,120805
2014-05-23,229000,229000,225500,228500,63721
2014-05-22,231000,231000,226000,227500,119613
2014-05-21,228000,229500,225000,228000,76475
2014-05-20,222000,230000,222000,228000,199182
2014-05-19,225000,226500,223000,224500,266071
2014-05-16,220000,224500,218500,223500,104700
2014-05-15,223000,224000,219000,220000,93975
2014-05-14,218500,224000,218500,221000,109856
2014-05-13,223500,224000,218000,219500,111862
2014-05-12,222000,225000,220000,223000,152380
2014-05-09,220000,220500,216500,220500,94282
2014-05-08,218000,221000,216000,220000,166318
2014-05-07,222500,222500,213500,216000,233855
2014-05-02,216500,220000,216000,219500,300007
2014-04-30,208500,214000,207500,213500,345185
2014-04-29,203500,207500,203500,206000,145541
2014-04-28,204000,204500,202500,203000,103918
2014-04-25,204500,206000,203500,204500,94966
2014-04-24,204000,207500,202500,205500,169347
2014-04-23,207000,207500,203000,204000,214263
2014-04-22,207000,208500,205500,207500,84533
2014-04-21,209000,209500,206500,208000,44682
2014-04-18,206000,209000,205500,208500,88837
2014-04-17,204500,206000,203000,205500,67492
2014-04-16,205500,206500,203500,204000,127039
2014-04-15,206500,207000,203500,207000,184749
2014-04-14,203500,207500,203500,206000,119839
2014-04-11,204000,205500,202500,205000,100558
2014-04-10,204000,206500,203000,206500,224691
2014-04-09,201000,205000,201000,204000,209407
2014-04-08,198500,205000,198500,202000,382853
2014-04-07,205000,206000,198000,198000,392586
2014-04-04,202500,205500,200500,204000,254514
2014-04-03,207000,207500,199000,202000,560179
2014-04-02,216500,217000,204500,207000,561620
2014-04-01,214000,219500,214000,217000,159470
2014-03-31,217000,217000,212000,215500,124711
2014-03-28,218000,218500,215000,215000,85166
2014-03-27,216000,219000,216000,219000,204296
2014-03-26,214000,216000,213000,214500,94531
2014-03-25,211000,214500,211000,212000,156750
2014-03-24,209500,215000,209500,213000,142743
2014-03-21,211500,212000,208000,209000,179726
2014-03-20,215500,216000,214000,214000,257292
2014-03-19,215500,217000,214500,215500,161081
2014-03-18,217500,218500,214000,216500,217495
2014-03-17,213500,217000,213000,214500,117562
2014-03-14,207000,215500,207000,212000,289600
2014-03-13,207500,211500,205000,207000,463865
2014-03-12,206000,206500,203500,203500,307733
2014-03-11,209000,210000,205000,207000,136811
2014-03-10,210500,212500,209000,210000,127360
2014-03-07,210500,217500,209500,210000,139239
2014-03-06,210000,214000,208500,211500,140621
2014-03-05,212500,216500,208000,211500,202399
2014-03-04,213500,216000,211500,213000,74440
2014-03-03,212500,215500,208000,214000,162796
2014-02-28,215000,218000,213500,216500,158341
2014-02-27,212000,216000,212000,213000,97107
2014-02-26,213000,216000,211000,214000,166090
2014-02-25,210500,217000,210000,215000,201028
2014-02-24,207000,213000,204500,210500,206435
2014-02-21,206500,210000,205500,209500,124307
2014-02-20,202000,210000,201500,208500,277190
2014-02-19,199500,204000,199000,201500,167109
2014-02-18,196500,200000,195500,199000,157953
2014-02-17,199000,199000,192000,196500,392260
2014-02-14,199500,201000,194000,198000,306414
2014-02-13,204500,205000,200000,200000,366509
2014-02-12,206500,208000,204500,206000,135337
2014-02-11,204500,207500,204000,206500,114576
2014-02-10,207500,207500,205500,206500,103694
2014-02-07,207500,208000,203500,206000,159668
2014-02-06,206500,208500,205000,205500,130265
2014-02-05,207000,209000,204500,204500,197497
2014-02-04,210500,211000,205000,207500,287466
2014-02-03,212500,215500,212500,214500,170913
2014-01-29,212500,216500,210000,216500,210964
2014-01-28,207500,215000,206500,213000,188735
2014-01-27,211500,212000,205000,205500,307320
2014-01-24,213000,215500,212500,212500,151940
2014-01-23,219500,219500,213000,215500,293642
2014-01-22,220500,221000,217500,219000,148465
2014-01-21,219500,222500,218000,221000,157241
2014-01-20,222000,223000,217500,218500,161995
2014-01-17,225000,227000,221000,223500,221933
2014-01-16,228000,228000,226000,226500,136370
2014-01-15,226500,231000,226000,228500,117584
2014-01-14,226000,228500,225000,227500,122598
2014-01-13,224500,226500,219000,226000,142866
2014-01-10,223500,225500,220000,222000,178172
2014-01-09,226500,229000,223500,225000,225708
2014-01-08,231500,231500,224500,228500,211513
2014-01-07,229000,229500,224000,229000,210585
2014-01-06,223500,228000,223500,228000,92521
2014-01-03,226500,228000,225000,226500,123479
2014-01-02,232000,232500,228000,228000,125260
2013-12-30,229000,231000,228000,230000,135003
2013-12-27,232000,233000,225500,227500,265652
2013-12-26,239500,240000,233500,235000,170793
2013-12-24,238000,239000,236500,238500,142043
2013-12-23,238000,238500,233000,236000,145482
2013-12-20,235500,237000,233500,234500,329423
2013-12-19,232000,236500,231500,235500,143907
2013-12-18,231000,234500,228500,232500,200541
2013-12-17,223000,229500,223000,228500,146587
2013-12-16,221000,225500,221000,222000,127966
2013-12-13,227000,229000,220500,223500,203633
2013-12-12,227500,228000,225000,226500,157958
2013-12-11,228000,232500,227500,228000,182767
2013-12-10,228000,229500,225000,228000,117945
2013-12-09,221500,230000,221500,226000,142122
2013-12-06,223000,226500,221500,226500,113749
2013-12-05,224000,226000,221500,224500,143777
2013-12-04,230000,230500,223500,224000,170391
2013-12-03,233000,234000,227000,228500,115125
2013-12-02,229000,235000,227500,230000,163468
2013-11-29,226000,229500,225500,226000,88619
2013-11-28,228000,230000,225500,227000,160992
2013-11-27,219000,228000,217000,225500,331504
2013-11-26,214000,220000,213500,219000,249708
2013-11-25,216000,218500,213500,214000,143736
2013-11-22,211500,217500,209500,214500,176581
2013-11-21,216500,217000,210000,211500,226405
2013-11-20,220000,221500,213000,217000,273600
2013-11-19,224500,225500,220000,222000,125143
2013-11-18,225000,226500,224000,224500,104738
2013-11-15,223500,225500,223500,224500,217625
2013-11-14,223000,226000,222500,223000,370959
2013-11-13,223500,226500,223000,225000,159312
2013-11-12,223000,226000,223000,223000,96885
2013-11-11,222500,225000,222500,223500,176006
2013-11-08,223000,224000,222500,223500,149959
2013-11-07,224000,226000,222000,225500,198462
2013-11-06,227000,228500,225500,227000,125819
2013-11-05,229000,231500,229000,230500,73917
2013-11-04,230500,232500,228500,231500,152112
2013-11-01,226500,235500,226500,233500,277455
2013-10-31,230000,232000,225000,227000,385536
2013-10-30,236500,237500,229500,230000,589684
2013-10-29,236000,239000,233000,236500,121197
2013-10-28,235000,236500,233000,236500,83939
2013-10-25,236000,236500,232000,236500,111815
2013-10-24,236000,238000,234000,237000,122089
2013-10-23,236500,240000,236500,237500,145100
2013-10-22,238500,240000,236000,236000,126379
2013-10-21,233500,238000,232500,237000,141090
2013-10-18,234000,236000,231500,234000,168087
2013-10-17,238000,238500,231000,231000,178365
2013-10-16,232500,236500,232000,235500,169486
2013-10-15,230000,235000,229500,233000,217057
2013-10-14,228500,229000,227000,228500,112193
2013-10-11,228000,231500,225000,228000,919016
2013-10-10,233500,233500,225500,228000,279422
2013-10-08,234500,239000,229500,232000,325010
2013-10-07,229500,236500,229000,233000,170517
2013-10-04,225000,232000,224000,232000,169664
2013-10-02,229500,234000,226000,226000,218514
2013-10-01,218500,225500,218500,224000,195302
2013-09-30,216500,220500,214000,218500,237605
2013-09-27,216500,218000,213500,215500,149439
2013-09-26,213500,217000,212000,216000,174622
2013-09-25,214000,215000,211500,215000,187431
2013-09-24,213000,216000,211000,213500,214923
2013-09-23,208500,214500,208000,214500,209474
2013-09-17,216500,218500,211000,213000,324547
2013-09-16,222000,226000,216000,219000,124830
2013-09-13,218000,225000,218000,221000,131045
2013-09-12,215000,222000,214000,222000,274282
2013-09-11,215500,216500,213000,213500,189637
2013-09-10,215000,216500,211500,214000,319952
2013-09-09,215000,218500,215000,216500,153272
2013-09-06,220000,220000,214500,215500,142671
2013-09-05,214000,219500,214000,218500,152723
2013-09-04,217500,218500,214500,215500,104817
2013-09-03,221000,222500,217500,219000,106149
2013-09-02,221000,224000,219500,220000,111500
2013-08-30,215500,223000,214500,221500,149895
2013-08-29,215000,217500,214000,215500,122816
2013-08-28,216500,219000,213500,216000,199060
2013-08-27,210500,217000,209500,214500,162913
2013-08-26,207000,212000,206500,210500,83729
2013-08-23,205000,209500,204000,208000,142775
2013-08-22,210000,211500,205000,208000,154939
2013-08-21,211000,214500,210500,211500,153096
2013-08-20,212500,213000,210500,211000,157092
2013-08-19,212500,215000,210500,212500,121097
2013-08-16,210000,218000,209500,215000,193924
2013-08-14,210000,215000,209500,213000,174928
2013-08-13,211000,213000,208000,208500,173794
2013-08-12,211500,213500,209500,210500,124649
2013-08-09,213500,217000,210000,212500,319519
2013-08-08,217500,217500,212000,216500,228136
2013-08-07,222000,222000,216500,216500,163291
2013-08-06,225000,225500,220500,222000,167241
2013-08-05,226500,227000,224000,226500,113783
2013-08-02,227000,227000,222500,225500,180129
2013-08-01,220500,223000,219500,222000,163335
2013-07-31,220000,222500,217500,220500,149964
2013-07-30,221500,224000,217500,220000,351309
2013-07-29,220000,225000,220000,225000,117464
2013-07-26,223000,223000,219000,220500,70472
2013-07-25,218500,223500,218500,223000,127660
2013-07-24,221000,221500,216500,219000,159552
2013-07-23,225000,225000,218500,221000,224895
2013-07-22,222500,226000,220000,222000,76379
2013-07-19,225000,226500,220000,221500,194852
2013-07-18,220000,228500,219500,225000,206845
2013-07-17,219000,223000,214000,223000,258531
2013-07-16,221000,222500,217000,220000,167451
2013-07-15,220500,225000,218000,218000,197765
2013-07-12,215500,222000,214500,219500,322908
2013-07-11,214000,219500,212500,216500,150797
2013-07-10,211500,212000,209000,211500,172153
2013-07-09,212000,216000,212000,213000,117741
2013-07-08,216500,218500,211000,215000,152146
2013-07-05,209500,216500,205500,216500,167459
2013-07-04,202000,211000,202000,209500,214642
2013-07-03,203500,205500,202000,202000,210904
2013-07-02,205500,207000,203500,204000,141342
2013-07-01,210000,210500,203500,205000,179221
2013-06-28,207000,214000,205000,210000,358627
2013-06-27,201500,206000,201500,204000,301268
2013-06-26,204000,204500,199500,200500,181275
2013-06-25,205000,205500,199500,202500,333076
2013-06-24,207500,208500,201500,201500,242061
2013-06-21,214000,214500,206000,212000,234881
2013-06-20,215000,215000,209500,213500,202843
2013-06-19,218000,218000,211500,214000,166010
2013-06-18,219000,219000,215000,218000,165520
2013-06-17,214000,219500,211500,219000,317066
2013-06-14,215500,215500,209500,210500,175897
2013-06-13,215500,217000,213500,216500,300387
2013-06-12,216500,219500,214000,214500,162786
2013-06-11,215000,218500,213000,216500,309477
2013-06-10,206000,213000,201500,211000,153662
2013-06-07,208000,209500,204500,206500,277199
2013-06-05,204500,211000,204000,208000,285098
2013-06-04,204500,205000,203500,204500,201762
2013-06-03,208500,208500,203500,205500,144545
2013-05-31,208000,212000,207500,209500,379087
2013-05-30,204500,206500,201500,204500,468176
2013-05-29,216500,218000,208000,208500,365847
2013-05-28,217500,221500,216000,219500,116279
2013-05-27,218500,220000,216000,217500,90272
2013-05-24,221000,221500,218000,220500,108232
2013-05-23,213000,223000,213000,221500,222074
2013-05-22,215000,220500,212500,215000,221461
2013-05-21,221000,221000,215000,215000,134203
2013-05-20,215500,220000,214000,217500,271488
2013-05-16,218000,218500,210000,211000,342584
2013-05-15,222000,223000,216000,218000,255060
2013-05-14,226000,230500,221500,223500,225964
2013-05-13,213500,226500,213500,225500,282800
2013-05-10,213500,219000,212000,215000,204754
2013-05-09,214500,219500,211500,215000,346790
2013-05-08,215000,219000,210000,215000,290461
2013-05-07,206500,215500,205500,213500,276537
2013-05-06,209500,211500,206500,206500,187079
2013-05-03,205000,214500,204500,211500,383893
2013-05-02,194500,206500,194000,204500,509398
2013-04-30,195000,198500,193500,193500,233918
2013-04-29,193000,198000,192500,196000,152807
2013-04-26,189500,193500,189000,191000,126761
2013-04-25,188000,190000,186500,189500,89814
2013-04-24,190000,193000,187000,189500,115521
2013-04-23,188500,192000,188500,190000,125534
2013-04-22,184500,192500,184500,188500,198707
2013-04-19,188000,190000,185500,187500,139065
2013-04-18,189500,191000,186500,188500,202919
2013-04-17,183000,192000,182500,190500,364567
2013-04-16,177500,185000,177500,184000,435786
2013-04-15,174500,180000,174000,177500,348723
2013-04-12,173500,175000,171000,172000,296143
2013-04-11,179500,180000,174500,175000,277878
2013-04-10,182000,182500,177000,179500,280545
2013-04-09,184000,185000,178000,181500,308168
2013-04-08,187000,187500,184000,186000,124844
2013-04-05,183500,189000,183500,186500,229221
2013-04-04,184000,188000,183500,186000,285074
2013-04-03,185000,188500,184500,188000,311268
2013-04-02,182000,186000,181000,183500,253406
2013-04-01,181000,182000,177000,181000,102787
2013-03-29,182000,182500,179500,180500,132829
2013-03-28,180000,181000,179000,180500,197980
2013-03-27,181000,181000,177000,180500,112804
2013-03-26,180500,181000,178000,180000,169907
2013-03-25,181000,181000,177500,180500,219044
2013-03-22,179000,180000,172000,176500,339785
2013-03-21,182500,184000,178000,180000,226738
2013-03-20,185500,186500,183000,184000,210088
2013-03-19,185000,187000,182500,185500,153323
2013-03-18,183000,186500,181500,183500,172433
2013-03-15,185000,185000,181500,183500,175087
2013-03-14,184000,186000,181000,185000,288734
2013-03-13,182500,183000,180000,183000,170079
2013-03-12,185500,186000,181000,183500,176311
2013-03-11,185000,188500,183500,185000,231801
2013-03-08,184500,186000,181500,183500,219849
2013-03-07,179500,185000,179500,184500,290250
2013-03-06,181500,184500,179500,181000,214505
2013-03-05,179000,180500,178500,179000,151057
2013-03-04,179500,181000,177000,180000,226110
2013-02-28,176000,179500,175500,178500,238015
2013-02-27,175000,176500,173500,176000,194553
2013-02-26,175000,176500,173000,174500,173391
2013-02-25,173000,176500,172500,176500,196048
2013-02-22,173000,176000,172500,173500,176465
2013-02-21,172500,175500,171500,172000,212841
2013-02-20,173500,174500,172000,173500,217313
2013-02-19,176000,176000,172500,174000,111302
2013-02-18,171000,176000,171000,174500,285219
2013-02-15,172000,174000,169500,170000,321296
2013-02-14,176500,177000,173000,174000,230448
2013-02-13,179500,180000,175500,177000,265868
2013-02-12,181000,181500,177500,179500,258365
2013-02-08,181500,181500,178500,179500,291254
2013-02-07,181000,183500,179500,181500,286476
2013-02-06,177500,182000,176500,181500,787882
2013-02-05,172500,177500,170000,174500,473141
2013-02-04,169500,175000,169000,172500,383432
2013-02-01,166500,170000,166000,170000,170525
2013-01-31,167500,168500,167000,167500,163335
2013-01-30,167500,170500,167500,168500,162973
2013-01-29,171500,172500,165000,167500,257656
2013-01-28,170500,175000,170000,171500,289645
2013-01-25,171500,173000,169500,170500,325149
2013-01-24,173000,176000,171500,171500,246933
2013-01-23,173000,173500,170000,171500,176597
2013-01-22,169000,174000,169000,173500,320267
2013-01-21,164000,170000,163000,169000,202497
2013-01-18,164000,167000,163000,164000,189759
2013-01-17,165500,165500,163000,164000,175781
2013-01-16,162500,166500,162000,166000,292745
2013-01-15,160500,166500,160500,165000,463449
2013-01-14,155000,164000,155000,160500,431019
2013-01-11,156000,156000,153000,154000,155386
2013-01-10,152500,156500,152500,153500,191345
2013-01-09,154000,155500,152000,153000,70203
2013-01-08,156000,157000,153500,154500,163092
2013-01-07,153500,157000,153500,156000,120780
2013-01-04,151000,154500,150500,153500,167609
2013-01-03,149500,152000,149500,150000,176528
2013-01-02,153500,154000,149000,150500,220404
2012-12-28,151000,154500,150500,152500,114033
2012-12-27,152000,152500,149500,152000,235708
2012-12-26,159500,160000,157500,158500,268544
2012-12-24,160500,161000,159000,159500,233128
2012-12-21,159500,161000,158000,161000,258109
2012-12-20,158000,160000,158000,159000,160383
2012-12-18,157500,159500,156500,158500,208541
2012-12-17,156000,158000,156000,156500,158292
2012-12-14,156500,156500,155000,156000,156853
2012-12-13,155000,156500,154000,156500,270269
2012-12-12,155500,158000,155000,155500,201614
2012-12-11,156000,157000,155500,155500,173126
2012-12-10,153000,158000,153000,156500,170761
2012-12-07,153000,155000,152500,154500,156642
2012-12-06,153500,154000,153000,153000,152764
2012-12-05,156000,157000,153500,154000,211375
2012-12-04,151500,154000,151000,153000,181666
2012-12-03,150500,153500,150000,151500,178350
2012-11-30,147500,150500,147500,150500,147606
2012-11-29,149500,150000,148000,148000,154684
2012-11-28,149000,150000,147000,149000,163270
2012-11-27,151500,152500,149000,150000,211350
2012-11-26,153000,153000,151000,152000,99840
2012-11-23,152500,154000,152000,152000,108427
2012-11-22,151000,152500,150500,152500,119283
2012-11-21,152000,152500,150500,150500,145256
2012-11-20,151000,153000,150500,151500,132580
2012-11-19,151500,152500,151000,151500,113521
2012-11-16,151000,153000,150000,151000,169405
2012-11-15,150000,154000,149500,151500,253673
2012-11-14,150000,153000,149500,151000,180015
2012-11-13,151500,152500,150000,150500,158854
2012-11-12,150000,153000,148500,150500,194295
2012-11-09,148500,149500,147500,149000,202086
2012-11-08,150000,152000,147000,148000,280590
2012-11-07,154000,155000,150500,151000,304091
2012-11-06,155500,160000,154500,156000,254408
2012-11-05,156000,156500,154500,155500,186203
2012-11-02,156000,160500,156000,156500,151182
2012-11-01,153500,158500,153500,156000,211009
2012-10-31,155500,156000,152000,153500,127001
2012-10-30,154500,157000,153500,154000,150221
2012-10-29,158500,158500,154000,154000,214029
2012-10-26,159500,162000,158500,158500,132438
2012-10-25,157000,162500,157000,159500,232713
2012-10-24,157000,162500,155000,157000,345977
2012-10-23,155000,158000,154500,157500,133895
2012-10-22,155000,158000,153000,155500,150290
2012-10-19,154500,155500,153000,155500,109874
2012-10-18,151500,154500,150500,154000,257101
2012-10-17,150000,153000,150000,152500,136962
2012-10-16,151000,151500,149000,151500,204538
2012-10-15,147000,152500,147000,152000,226461
2012-10-12,148000,148500,146000,148000,114495
2012-10-11,148500,150000,147000,148500,148291
2012-10-10,148000,149500,147000,148000,127155
2012-10-09,147000,150000,146000,149000,175189
2012-10-08,146000,147000,144000,146000,96559
2012-10-05,145000,147000,145000,146000,100757
2012-10-04,146500,147000,144500,145500,108058
2012-10-02,146000,147000,144500,145500,131460
2012-09-28,146000,148000,145500,147000,190364
2012-09-27,145000,146500,144000,144500,136496
2012-09-26,146500,147000,144500,145000,91754
2012-09-25,148000,148500,146500,147500,112461
2012-09-24,147500,149000,146500,149000,98702
2012-09-21,146500,148000,146000,147000,88554
2012-09-20,146500,148000,145000,146000,175263
2012-09-19,146000,147000,145000,146000,174717
2012-09-18,144500,145500,143500,144500,233868
2012-09-17,148000,148500,144500,145000,293672
2012-09-14,153000,154000,149500,150000,292695
2012-09-13,150000,153000,149500,152000,239550
2012-09-12,150500,152500,149000,150500,161081
2012-09-11,146500,150000,146000,150000,143058
2012-09-10,149500,150000,146500,147500,143460
2012-09-07,150000,151000,147000,150000,239587
2012-09-06,148000,150500,148000,150000,218816
2012-09-05,147000,150500,146500,147000,190163
2012-09-04,144000,148000,143000,147000,209234
2012-09-03,145500,146500,144000,144000,95828
2012-08-31,146500,149500,145500,145500,168282
2012-08-30,149000,150000,146000,147500,141546
2012-08-29,153500,154000,149000,149000,158675
2012-08-28,150000,153500,150000,152500,141593
2012-08-27,149000,153000,148500,150500,185331
2012-08-24,150000,150500,148500,148500,157913
2012-08-23,152000,154000,150000,151500,142253
2012-08-22,150000,153500,149000,153000,210917
2012-08-21,151500,152000,150000,151000,113372
2012-08-20,150500,151000,149000,149500,85036
2012-08-17,150000,151000,148500,151000,220304
2012-08-16,146500,151000,146500,151000,212843
2012-08-14,148500,151000,148000,148500,280874
2012-08-13,147000,149000,145500,149000,202052
2012-08-10,144000,146500,143000,145500,213289
2012-08-09,141500,145000,140000,143000,346803
2012-08-08,140500,142000,139000,141000,247126
2012-08-07,142500,144000,139500,141000,174868
2012-08-06,145500,145500,143500,144000,426723
2012-08-03,141500,146000,140500,145000,294364
2012-08-02,141000,143000,140000,142000,180351
2012-08-01,141500,142500,140000,141000,167775
2012-07-31,140000,144500,139000,144500,288846
2012-07-30,140500,140500,137000,140500,293818
2012-07-27,140000,141000,138500,141000,403123
2012-07-26,138000,141000,137500,140000,374039
2012-07-25,138500,140500,137000,139000,407636
2012-07-24,135000,142000,134000,141000,460634
2012-07-23,132000,135000,129500,133000,172500
2012-07-20,134500,134500,130500,131000,199083
2012-07-19,136500,136500,132500,133000,177476
2012-07-18,133000,136000,133000,135500,280194
2012-07-17,133500,136000,132500,133000,131685
2012-07-16,135000,136500,133000,133000,151104
2012-07-13,132500,136500,132000,136000,291481
2012-07-12,136000,137000,133000,133000,216815
2012-07-11,133500,136500,132500,136500,224027
2012-07-10,131500,135000,130500,133000,240954
2012-07-09,127000,133000,126500,131500,207571
2012-07-06,128500,129000,126000,127000,149286
2012-07-05,129500,131000,127500,128500,118683
2012-07-04,130000,132500,128500,131000,180875
2012-07-03,126500,130000,125500,129500,239610
2012-07-02,125500,126500,124000,125000,118632
2012-06-29,123000,127000,123000,125000,280173
2012-06-28,123500,125000,122500,123500,156242
2012-06-27,123500,125500,122500,124000,238463
2012-06-26,121500,125000,121500,123500,259978
2012-06-25,121000,122000,120000,121500,137635
2012-06-22,122000,122500,120500,120500,143322
2012-06-21,123000,124500,121500,122000,203778
2012-06-20,122500,124000,122000,123000,160194
2012-06-19,122500,122500,121500,122000,82851
2012-06-18,121500,122500,121000,122500,155107
2012-06-15,122000,122000,120000,120500,321732
2012-06-14,121000,122000,120500,122000,210064
2012-06-13,123000,123000,120000,121500,193768
2012-06-12,122000,123500,121500,123000,97726
2012-06-11,122500,124000,121500,122500,143418
2012-06-08,125000,125500,122000,122500,235973
2012-06-07,124500,127000,124000,126500,263767
2012-06-05,124500,126500,123500,124500,372206
2012-06-04,123000,127500,122000,126000,481668
2012-06-01,121500,124500,121000,124000,330316
2012-05-31,122000,126000,120500,120500,685924
2012-05-30,124000,124500,121500,122500,243168
2012-05-29,124000,125500,123000,123500,216449
2012-05-25,121500,125000,121500,123500,214611
2012-05-24,125000,125500,120000,121000,376628
2012-05-23,127500,128000,124000,124500,205768
2012-05-22,128000,128500,125500,128500,269934
2012-05-21,129500,130500,126000,126000,149218
2012-05-18,130500,131000,128500,128500,251811
2012-05-17,132000,133500,131500,131500,206149
2012-05-16,135500,136000,131500,133000,349540
2012-05-15,138000,138500,135500,136500,274535
2012-05-14,134500,137000,133500,136000,118915
2012-05-11,136500,137000,134500,135000,121461
2012-05-10,138000,138000,136000,137000,120204
2012-05-09,137500,139000,137000,138500,136095
2012-05-08,139000,139000,136000,138000,98740
2012-05-07,133000,139000,132000,138000,389128
2012-05-04,132500,133500,130000,133500,237277
2012-05-03,134500,134500,131500,132500,158893
2012-05-02,135500,136000,133000,134000,202926
2012-04-30,137000,137000,134000,135000,217264
2012-04-27,135000,137000,131500,137000,462506
2012-04-26,137500,137500,134500,134500,154946
2012-04-25,137500,138000,136500,137500,149195
2012-04-24,135500,137000,134000,136500,213847
2012-04-23,136000,136000,135000,136000,137414
2012-04-20,135500,136000,135000,135000,154184
2012-04-19,136000,136500,135000,136000,212294
2012-04-18,138000,138500,136500,137000,161782
2012-04-17,139500,139500,136500,137000,219507
2012-04-16,139500,140000,137500,139000,145664
2012-04-13,141000,141000,138500,140500,178717
2012-04-12,140000,140000,138000,140000,231295
2012-04-10,139000,140500,138500,140000,205665
2012-04-09,139000,140000,136500,140000,254936
2012-04-06,137500,140000,137000,139500,959831
2012-04-05,138500,139000,137000,138500,355472
2012-04-04,138500,140000,137000,138000,3075965
2012-04-03,142500,143500,141000,142500,239525
2012-04-02,141000,143000,139000,140500,141668
2012-03-30,143500,143500,139500,139500,203839
2012-03-29,143000,144500,141500,142500,205782
2012-03-28,142000,143500,141000,141500,135964
2012-03-27,145000,145500,140000,142500,207498
2012-03-26,142500,146000,142500,145500,201129
2012-03-23,143000,145500,140500,142000,198414
2012-03-22,142500,144000,141500,143000,249959
2012-03-21,139500,141500,139000,141000,156685
2012-03-20,139000,139500,138000,138500,168274
2012-03-19,137500,139000,137500,138500,131289
2012-03-16,137500,138000,136500,136500,196846
2012-03-15,139000,139000,137000,139000,213552
2012-03-14,141000,141500,138000,139000,221881
2012-03-13,140000,141500,138500,140000,169328
2012-03-12,138500,141500,138000,141000,138664
2012-03-09,139500,140000,137500,138000,148863
2012-03-08,140500,141500,139000,139000,290224
2012-03-07,141000,142500,139500,142000,146956
2012-03-06,143000,144000,141500,141500,82139
2012-03-05,146000,146000,143000,143000,112275
2012-03-02,146000,149000,143500,146000,251602
2012-02-29,144000,146000,143500,145500,191964
2012-02-28,141000,144500,141000,143000,318903
2012-02-27,140000,140500,137500,139500,117117
2012-02-24,141500,141500,139000,140500,171544
2012-02-23,141500,141500,139000,140000,134623
2012-02-22,138500,141000,137500,141000,162018
2012-02-21,138500,139500,137000,138000,135770
2012-02-20,139500,141000,138500,139000,117739
2012-02-17,139500,140000,138000,139000,120341
2012-02-16,138000,138500,136500,137500,233164
2012-02-15,137500,140000,137000,139000,278886
2012-02-14,137000,138000,136000,137500,183775
2012-02-13,136000,138000,135500,136500,132492
2012-02-10,136000,136500,135000,136000,190118
2012-02-09,137000,137500,135000,136500,312228
2012-02-08,137000,139000,136500,137000,171443
2012-02-07,137000,138500,136000,137500,199181
2012-02-06,138000,138500,136000,137000,201935
2012-02-03,142000,142000,137000,137500,308112
2012-02-02,140500,142000,140000,141500,141915
2012-02-01,141500,142500,140000,140500,147420
2012-01-31,141000,143500,140500,142500,172516
2012-01-30,142500,142500,140000,142000,137430
2012-01-27,142500,144000,140500,143000,105506
2012-01-26,142000,146500,140500,143000,292388
2012-01-25,137500,142000,137000,142000,370720
2012-01-20,137000,137500,136000,136500,220462
2012-01-19,137000,138000,136500,137500,171829
2012-01-18,135500,137500,135000,137500,174769
2012-01-17,136500,138500,134000,134500,275233
2012-01-16,137500,137500,134500,137000,128332
2012-01-13,134500,139000,134500,137500,139512
2012-01-12,136500,137000,134000,135000,246091
2012-01-11,138000,138500,134500,135500,148598
2012-01-10,136000,139000,135500,137000,204286
2012-01-09,137000,137000,133500,135000,202655
2012-01-06,140000,140500,135000,137500,295613
2012-01-05,140000,140500,137500,138500,221012
2012-01-04,142000,142000,138000,139000,325491
2012-01-03,138500,141500,138500,141000,251895
2012-01-02,141500,142000,139000,139500,137095
2011-12-29,141500,142000,139000,141500,283681
2011-12-28,143000,143500,141000,141500,390002
2011-12-27,154500,154500,151000,151000,357922
2011-12-26,153500,154000,152500,154000,123368
2011-12-23,152000,154000,151500,153500,154226
2011-12-22,152500,153000,150500,151500,124883
2011-12-21,153000,154500,151500,153000,208431
2011-12-20,147000,153000,146000,153000,210983
2011-12-19,149000,150500,145500,145500,302318
2011-12-16,149500,150500,148500,149000,171256
2011-12-15,150500,152000,148500,148500,233477
2011-12-14,149500,152000,149000,151000,149374
2011-12-13,150500,151000,149000,149000,219857
2011-12-12,151000,152000,150000,151000,184833
2011-12-09,152000,154000,150500,150500,296034
2011-12-08,151000,154500,150000,154000,348551
2011-12-07,149000,151000,148000,150000,377742
2011-12-06,149500,151500,149000,149500,261277
2011-12-05,150000,151000,148500,150000,268511
2011-12-02,152500,153000,150000,150000,402586
2011-12-01,152500,154500,152000,153500,373262
2011-11-30,151500,153000,150500,152000,221013
2011-11-29,154000,155000,151500,151500,299869
2011-11-28,153500,156000,153500,156000,185915
2011-11-25,153500,156000,152000,153500,215725
2011-11-24,150500,155000,150000,154500,348888
2011-11-23,149500,151500,149000,149000,243666
2011-11-22,148500,151500,146500,150000,264853
2011-11-21,147500,149500,145500,149000,183462
2011-11-18,147500,149500,147000,147000,157286
2011-11-17,145000,149500,143500,149000,270516
2011-11-16,146000,147000,144000,145500,325319
2011-11-15,148000,149500,145000,147000,200628
2011-11-14,149500,150500,147500,149000,192654
2011-11-11,144500,150500,141500,149500,316655
2011-11-10,150500,154500,145000,145000,468085
2011-11-09,154500,156000,150000,153000,312966
2011-11-08,151500,154500,150500,151500,212124
2011-11-07,149000,154000,146500,152500,389979
2011-11-04,147000,148000,145500,146500,373042
2011-11-03,151000,151000,146000,146500,263629
2011-11-02,151000,151500,149000,149000,193105
2011-11-01,150000,152500,150000,151000,319064
2011-10-31,151500,152000,147500,148000,275399
2011-10-28,157000,158000,151000,152500,491532
2011-10-27,160500,162000,158000,159000,212883
2011-10-26,160000,163000,159000,161500,115402
2011-10-25,161000,161500,157500,160000,131299
2011-10-24,160000,163500,159000,162500,131097
2011-10-21,160000,160000,157500,160000,167739
2011-10-20,160000,162500,159500,160000,168832
2011-10-19,163000,163000,160000,160500,195363
2011-10-18,163500,167000,163000,164500,227452
2011-10-17,159000,165500,158500,165000,299426
2011-10-14,154000,158000,154000,158000,145289
2011-10-13,155000,157000,153500,153500,180114
2011-10-12,155000,156000,154000,155000,124952
2011-10-11,154000,155500,153500,155000,155740
2011-10-10,156500,159000,154500,154500,123138
2011-10-07,156000,158000,153500,157500,180578
2011-10-06,157000,158500,155500,157500,244590
2011-10-05,149500,156500,148500,156000,453809
2011-10-04,147500,151500,146500,148500,295271
2011-09-30,150500,154500,147000,149500,305661
2011-09-29,154500,155000,150000,152000,143199
2011-09-28,155000,156000,152500,153000,245094
2011-09-27,156000,156000,151500,153000,328207
2011-09-26,149000,156500,148500,155500,361726
2011-09-23,145000,150500,143500,147500,327691
2011-09-22,147500,151000,145500,145500,351121
2011-09-21,149000,152500,147500,149000,258205
2011-09-20,151500,156000,149500,150500,242378
2011-09-19,156000,157500,151500,154000,269388
2011-09-16,155000,159500,154000,159500,307679
2011-09-15,147500,153500,147500,153000,219318
2011-09-14,146000,149000,143500,146000,241488
2011-09-09,150000,152000,148000,148000,152328
2011-09-08,153500,155000,150000,151000,281988
2011-09-07,154000,157000,153000,154500,225044
2011-09-06,151500,158000,150500,154000,314245
2011-09-05,152500,156000,147500,154500,235102
2011-09-02,150500,153000,149500,151000,146191
2011-09-01,156000,156000,151000,151500,340058
2011-08-31,152000,155000,150500,155000,164876
2011-08-30,148000,153500,146500,152000,232888
2011-08-29,144500,151000,142000,150000,275630
2011-08-26,150500,154000,143500,144500,276958
2011-08-25,150000,154000,150000,152500,255344
2011-08-24,154500,155500,150500,151500,375403
2011-08-23,153000,158500,151000,157500,271023
2011-08-22,153000,155500,150000,152500,183337
2011-08-19,153000,160000,150500,151500,671592
2011-08-18,145500,161000,144500,156000,792305
2011-08-17,140500,148500,139000,146500,382861
2011-08-16,135500,140000,135500,139500,276650
2011-08-12,136500,136500,132000,134000,315567
2011-08-11,129500,139000,128500,135000,517559
2011-08-10,135000,135000,131000,131000,374149
2011-08-09,133000,134000,126500,131500,488531
2011-08-08,141000,143000,135500,135500,510869
2011-08-05,140500,143500,140000,141000,457812
2011-08-04,143500,147000,143000,145000,166051
2011-08-03,143500,145000,142500,144000,213402
2011-08-02,148500,149000,145500,145500,243891
2011-08-01,148500,151500,148000,149500,182599
2011-07-29,147000,149500,146500,147000,216890
2011-07-28,149000,149500,147000,147500,231187
2011-07-27,147500,152000,147000,151500,373512
2011-07-26,144500,149000,144500,147500,302269
2011-07-25,143500,144500,142500,144500,156467
2011-07-22,144500,145500,142500,143500,248710
2011-07-21,144500,146000,143500,144500,241665
2011-07-20,145500,147500,143500,144000,282211
2011-07-19,144000,146000,142500,143500,244393
2011-07-18,143000,144500,141500,144000,263441
2011-07-15,140500,144000,140500,144000,327026
2011-07-14,140500,141500,139500,140500,452180
2011-07-13,142000,143500,139500,140000,541925
2011-07-12,142000,143000,139500,140500,829178
2011-07-11,145500,146000,143500,144000,516613
2011-07-08,151500,152500,144000,149500,1216799
2011-07-07,153000,156000,152000,154500,690222
2011-07-06,161000,161500,158500,159500,102393
2011-07-05,160000,162000,160000,160500,52707
2011-07-04,161500,162000,159000,161500,106989
2011-07-01,162000,163500,160500,161000,90960
2011-06-30,159500,162500,159500,161500,109325
2011-06-29,160000,162000,159500,159500,128469
2011-06-28,158000,160500,158000,159000,118324
2011-06-27,160000,160000,156000,156500,167635
2011-06-24,158000,161000,157000,160000,139442
2011-06-23,158000,159000,156000,157500,93991
2011-06-22,156500,159000,156500,158500,109382
2011-06-21,154500,157500,153500,156500,129472
2011-06-20,153500,155000,153000,154500,66123
2011-06-17,152000,155500,151500,154000,161725
2011-06-16,152500,153000,151000,153000,66295
2011-06-15,152500,153500,150500,153500,145122
2011-06-14,152500,153500,151500,152500,133387
2011-06-13,151000,153500,150500,153500,159225
2011-06-10,155500,156000,152000,152500,235724
2011-06-09,157500,158000,154500,155500,299172
2011-06-08,159500,160000,157000,157500,140950
2011-06-07,158500,160000,158000,160000,111976
2011-06-03,159000,160000,158000,159500,169589
2011-06-02,159500,160000,157500,159000,314236
2011-06-01,160000,160500,158000,160000,297435
2011-05-31,160000,163500,160000,160000,935522
2011-05-30,161000,161000,158000,160000,167678
2011-05-27,160500,162000,159500,161000,133185
2011-05-26,161500,162500,159500,161500,137847
2011-05-25,164000,164000,161000,162500,104336
2011-05-24,166500,167000,164000,164000,205440
2011-05-23,169000,169000,167000,168000,100848
2011-05-20,166500,169000,164500,167500,326065
2011-05-19,164000,166000,162500,165000,131864
2011-05-18,164500,166000,164000,165000,122304
2011-05-17,163500,166000,163500,163500,148759
2011-05-16,161500,165000,160500,164000,122385
2011-05-13,161500,163500,161000,162000,88920
2011-05-12,163000,163000,161000,161000,169212
